ref	head_sha	merged_pr	accepted_merge_commit	merged_at
refs/heads/08-07-docs_runtime_close_telemetry_adoption_authority	e29976086e8de3be53fff4a90137dbe44e71ddd7	885	6f220c2a86a9e8a4a0a2de5dcbb0666b511ed1fa	2026-08-07T05:27:28Z
refs/heads/08-07-docs_runtime_tighten_execution_and_deletion_oracles	7d913c92335dc9273cb72dd814a0b2dde095b863	884	6f717e977eb5678237051d38afdb6770afcd7fa9	2026-08-07T05:24:28Z
refs/heads/agent-codex-runtime-source-authority-amendment	2422459b09adff29fd55b9a406a8423f45240774	881	f920232efbcb10cc4a7220e3b6be4b81a393009d	2026-08-07T03:37:52Z
refs/heads/agent-habitat-cli-0-3-0	0b23ed06552312c3ecd125f1a6a4f7e4a9e179f0	767	7a628012c2118396c50babeff7a85ed25bb6269c	2026-08-02T08:34:44Z
refs/heads/agent-magic-habitat-owner-batching	0f6e5fc829c13a3f86a6fd207957b28e46c2b1f7	766	9bbafaff5f1f56d16e2ea576155a40b24bcd4913	2026-08-02T08:04:29Z
refs/heads/agent-root-admit-definition-router	dec0fdad654ded8e5196974e8715f6fc02d1cb66	961	3f55e440fb79e284397e94d8d6537e0164db0e62	2026-08-10T21:07:14Z
refs/heads/agent-root-admit-derivation-crypto-build	7fd36ac48ce275fa1b7a3d3498e884946d776257	962	28b24eead3a553d298b577ace6185737b2660353	2026-08-10T21:41:28Z
refs/heads/agent-root-adopt-habitat-0515	a9c90b3af69924fd6e5dc767c3ce478fcf5099a0	929	b9015adb104e63c28eb806b7d098a1751ab36ee5	2026-08-09T21:26:04Z
refs/heads/agent-root-audit-platform-readers	ef0fb2703e92783ebcbcd17cb2e540c7bec58646	949	85695b839869fb145a7eac0916cabdabd3805e39	2026-08-10T11:22:42Z
refs/heads/agent-root-author-runtime-plugin-faces	af2ef17e8f061e10688cc74f01783203af2cbe19	944	42c65376babeacae3058f865e1c680631879fc96	2026-08-10T09:48:13Z
refs/heads/agent-root-author-service-context-lanes	c9b144979ec2770ae7cf8e1c3c783b3efe004d44	951	9b9259b77f485e325d67c6cd726bcbb40932c207	2026-08-10T12:00:24Z
refs/heads/agent-root-author-web-projection	0442880bd762ee6850b3210a52763863741e383b	953	9c54fe541d8d093b5d0c99744f7ca4ae7bb5b29f	2026-08-10T12:56:49Z
refs/heads/agent-root-bound-habitat-cli-harness-budgets	b1e2ff3d19836539f3502e044d82952acf718c90	924	fdd34fb7da77529c30afe6e813e9f10d676f1090	2026-08-09T15:30:58Z
refs/heads/agent-root-clarify-bootgraph-proxy-admission	5defc518dca65dc495e0c82d3aa76447ccc84ad6	989	2d0dd4b23b87bc06a59bd3146b1a4bf6232a4ff1	2026-08-11T12:34:27Z
refs/heads/agent-root-classify-sdk-root-exports	750cf5272e05279d7387fba027c29bfaec0eed67	927	8a2e94cbc674632c0af8d78877fa6635a4417f9b	2026-08-09T18:41:56Z
refs/heads/agent-root-close-complete-derivation-joins	45bb2ac003ef25dec0bb172c779e83ba8ebcf664	959	4797345cb584ce690e295db8fddd1f715f56dcad	2026-08-10T19:35:52Z
refs/heads/agent-root-close-lab-derivation-audit	a2ac74036c7e3eaeddc45cf4873c7b7e27586a3e	964	555057174226fb4dd5fe32e7f894a604ef76308c	2026-08-10T22:44:40Z
refs/heads/agent-root-compat-grit-source-inventory	15e6d25fa6a6e9a61892d709cbeb62a64f82456e	928	6c5c202b3fb1d1bde38536cf168d765a166e12ff	2026-08-09T20:34:12Z
refs/heads/agent-root-correct-bootgraph-tsdown-allowance	04cf013ef1fd98f93e94e22dfcd471606205cec6	991	afe26ec29f90eb49a64904a9a162d1b4db7ae277	2026-08-11T13:25:18Z
refs/heads/agent-root-correct-definition-selection-handoff	7062190132c25e43ec5cfb0e0cad9ae2e87c0941	965	ca1b2559426bf81daac0e2f4a5dfb38d80fcc795	2026-08-10T23:12:17Z
refs/heads/agent-root-correct-runtime-derivation-authority	cfd7023a405957d6cd9a74191481dba8d1150da2	955	acc209df6b359346e37e45fdc79983c64f0ea3ee	2026-08-10T15:34:00Z
refs/heads/agent-root-correct-semantic-ledger-authority	fe0beebc722fa6898c8fb7924b6845eadb75f82f	997	1308b3ce486deaa01e8d73e7cd7eca3796c197df	2026-08-11T17:34:15Z
refs/heads/agent-root-correct-semantic-ledger-descriptors	e8ff820db8099f56f3e644e722344fde1ac9a060	999	778176e7f82e5bd434f8532baba64779a0f4b443	2026-08-11T18:50:00Z
refs/heads/agent-root-correct-semantic-ledger-runtime-law	60765f34883f8f2064b21e05f02b44fe40d8863a	1001	7cedb01e971c0b017c0c88fdedd2cbc87efbb0c3	2026-08-11T22:29:27Z
refs/heads/agent-root-correct-service-use-authority	683e0fbbee0e8cffa5825e773f3631750377e3b3	946	f822340d887e31a6fa1579a714038ae4fb0c09e0	2026-08-10T10:25:19Z
refs/heads/agent-root-define-bootgraph-authority	97ea53487d4fdbb5c5b0add744c4ff9f599dd360	985	038710dcfc0c249d6e376e2f5ad14b7a830e050b	2026-08-11T10:28:27Z
refs/heads/agent-root-define-provider-effect-plan-authority	0b3fabdfef79ccc09b3bc520c14c7f2d11a03287	981	a142b347144902c657c7203b90d9d53b548b95e5	2026-08-11T08:03:31Z
refs/heads/agent-root-define-runtime-compiler-authority	d5051e2af08844c8857e5d6bf3750791fa329fc1	970	421876325a5464ce1b169e2f689de3abb2671b5d	2026-08-11T01:21:27Z
refs/heads/agent-root-freeze-complete-derivation-authority	cd46e796f41c2179e36870bc6f520e194e4f4116	958	8e9089687ff68c7b1c340f391c104f462c5b3387	2026-08-10T19:01:42Z
refs/heads/agent-root-habitat-0510-nx-provenance-apply	f495c2ac7f9925fd116e2ebc49d62424e80d06dc	907	85b0e49eb5385dfae3a1a1522e7c50df04e06580	2026-08-08T19:22:52Z
refs/heads/agent-root-habitat-0511-release	a16bfd5b1cd17261c6f3ee244f8aca7efe5a1b38	916	960ccf552874b593f0f380aba849de92cf967817	2026-08-09T03:49:02Z
refs/heads/agent-root-habitat-0512-policy-runtime	86f56cb189dce95ad903a74c993639edb04c8ec2	917	f314d2310c8b8536e9fcfa732c3faea2fa8676ba	2026-08-09T05:42:29Z
refs/heads/agent-root-habitat-0513-acquisition	060946c1e98d64435dd530b7bbb8ac9786a3c351	918	74735b497f07046eddfdd220daecfb48a883b94c	2026-08-09T09:21:05Z
refs/heads/agent-root-habitat-0514-activation	1eba0e09d4074e3e56768a5ff1819e888fd9ffa7	919	9e650107ac8c292ca13be5edc2390b870b952c68	2026-08-09T11:18:23Z
refs/heads/agent-root-habitat-0514-adoption	05a2566dcf8c4689bd8ce1da288ae323ea59f416	920	b7d53c902d565975ccd2c66f034dda647ca9ad98	2026-08-09T12:50:21Z
refs/heads/agent-root-habitat-0514-adoption-receipt	bcf62aedfc96c6865bc9a66af12e44d4476035bc	921	cc494354449465fa4178f36d4d5222b4d4072f5d	2026-08-09T13:07:19Z
refs/heads/agent-root-habitat-057-consumer-migration	feabdacb299d95b46f923396e886b88fe3ac97dc	904	ef092d1569d2b238a3b13b2c5ef60e63b198f2cd	2026-08-08T16:51:31Z
refs/heads/agent-root-habitat-058-release-recovery	6ed5d0aa598f3e0684d5fbdbee405f103afc223e	905	788d3886c730bd5ed68d175d04e139ebd4735900	2026-08-08T17:46:58Z
refs/heads/agent-root-habitat-059-windows-release-budget	970aa33d1511e8944c6151a3bb3a39b831e2661d	906	23ee7034fc3c811bc6e23692a5ad081e75b76fa8	2026-08-08T18:41:10Z
refs/heads/agent-root-habitat-agent-plugin-runtime	c11e8466d3486313d2162c096dab6172c661d08c	1024	17e50815f79eb5954f41082fef6740e29942b6c2	2026-09-06T03:29:32Z
refs/heads/agent-root-habitat-authoring-cli	5caa7380de172c56e226bbe122cdc4aa38e2f93f	1017	c954d04cb67280cff51d5f71a8d154d6b8410473	2026-09-05T11:46:30Z
refs/heads/agent-root-habitat-catalog-owner	248400e64e995b2b4532220888354b4900cbb58f	908	e9d545c4783ef270d4a86b410efa6ef2ff824f63	2026-08-08T22:11:38Z
refs/heads/agent-root-habitat-cli-admission	ba6b305fac54b79fe6507d63852b9a49b388c397	1023	b5789d5426133d3f52dc7bdf7cfcb35ae97f21a0	2026-09-06T03:25:33Z
refs/heads/agent-root-habitat-content-workspace	cc21ef12347798b61591d98cadd83ea42a9edaea	910	a799e1fd998a5c0556252d735505355ae4d7e4c8	2026-08-08T22:51:13Z
refs/heads/agent-root-habitat-dev-runtime	a7f479309d36b142e2abc0450c1d644290afb603	1025	334fed8f7b18b3be65d5dd81e9e3b3257b1539c3	2026-09-06T03:32:32Z
refs/heads/agent-root-habitat-lifecycle-service	2f2829d57bad85f662b15ecccbc19de5938c5b3f	913	a397eb7cde1c668b430a6e54203c9d97e1e7a8d9	2026-08-08T23:33:51Z
refs/heads/agent-root-habitat-native-agent-provider	9601cc34e76905f3ed9aeaf94e5cc6d6e2f5be13	911	5772a4b8007fbae5d8da86e308d908359e7dc5b5	2026-08-08T23:02:08Z
refs/heads/agent-root-habitat-native-async	fdee504dea0b61f3ca0cd865567c33392fc82780	1019	485e798e8480e937169a50cfee5d19abd86b05f8	2026-09-05T17:32:38Z
refs/heads/agent-root-habitat-native-oclif-transfer	9905912abcb0e9bc4c7d9949d6e267466a5eacd8	915	d44161b63798f1bd9ad1f7bbe65ff9b6b56bbdce	2026-08-09T02:11:01Z
refs/heads/agent-root-habitat-native-server	896437a741ea0177d795b216bd17a7b9af3ef1c2	1018	37e22198954abd32745029ed68e9ea74c345f3d3	2026-09-05T12:56:58Z
refs/heads/agent-root-habitat-native-web	91d03dcbbfa54da030a0e8d21801333ca8e09b02	1022	d677cb306734233a501bf659d087e205036ec6b8	2026-09-06T03:23:34Z
refs/heads/agent-root-habitat-oclif-self-host	93bef70068c13f06edbd9ab05110be5afef6db58	1015	1b131dbf0a10c2068f34c9e2ebdcab7d23a060de	2026-09-05T11:42:30Z
refs/heads/agent-root-habitat-package-output	e6d3e10a52522b0bf349429e9d8acc3423f67703	909	cdf21be1f8f47879d34e29bd442a3beabe337c58	2026-08-08T22:35:36Z
refs/heads/agent-root-habitat-process-isolation	0290cd07bc3a0c4b1cc1218d072fdc1f5006744d	1020	46bb598f865069c4c600b96c4a7928ad3bb8f8da	2026-09-05T17:55:33Z
refs/heads/agent-root-habitat-product-separation	1c97ee36646aa9d8ddbe63bcc9712fec36103563	922	621afb503a5c5e432765caf56cb7458578c57348	2026-08-09T14:25:10Z
refs/heads/agent-root-habitat-qualified-generators	58304deee68af6f3d83543e91f3cf2cb35d389ae	1016	bb8c7408b3d3a2686070b092f3c9f908698fd5ac	2026-09-05T11:44:29Z
refs/heads/agent-root-habitat-runtime-acquisition	8b941b49ed4c521a58f8be4888e0dc0bbdc6465a	1009	c677d43d24a002bbe31ed5783c71f43221f3628b	2026-09-05T06:46:31Z
refs/heads/agent-root-habitat-runtime-adapters	67032429c4a8465515d1cb546f3c577f9b4f7080	1011	57557acfb6a3f94e05195d541c3be1677f121cbe	2026-09-05T06:50:29Z
refs/heads/agent-root-habitat-runtime-adoption	7cd3cfc047e1d7cd9cec69d88fe3822998ea2581	1027	bba8f5eb4cb04872c139c9773a0ac9a2a176a5df	2026-09-06T05:21:09Z
refs/heads/agent-root-habitat-runtime-binding	a4fd8ffd33930f33c80b73e242e4c34a47d7552d	1010	e8f5b27642ead3ba2d90a962c242413795e8dcdf	2026-09-05T06:48:31Z
refs/heads/agent-root-habitat-runtime-closure	6e1de33f8e83d6b81e911cadb357d988976021bb	1028	29365b34cbfeca636606af0f6b5d4c4ac07c1066	2026-09-06T05:22:32Z
refs/heads/agent-root-habitat-runtime-cold	ddefa31e3decd2c502a45bd8ff12000f120401a8	1008	53d1840cd7a8c5a2477cf32c4530171352fafd49	2026-09-05T06:45:04Z
refs/heads/agent-root-habitat-runtime-handoff	5a9a97c2ee33c449a64681c24e7619c9fcf3d59a	1012	b4c29fa6630523d54c097a85fdaa71c45c6334a1	2026-09-05T11:36:28Z
refs/heads/agent-root-habitat-runtime-mounting	3c0c19d31c9ae8c2ad063d204be9e9857ad617bb	1014	6994fb623c303ff3faa780a13d40f1e0b0e2e7e7	2026-09-05T11:40:29Z
refs/heads/agent-root-habitat-runtime-observation	d5ad6504c38d5db27dbabf0e1cbc7f0abfc6b5be	1013	9dc450543b4ec8dab48a86535078af4134e8353c	2026-09-05T11:38:31Z
refs/heads/agent-root-habitat-runtime-realignment	06a03951d8ac59aa6fe2c154d1fba8762d69c40e	1007	80c19fc1291515acbf21e88c97385d5e29d74341	2026-09-04T22:53:08Z
refs/heads/agent-root-habitat-runtime-release	b12e7e24b0140d487388fdad760848fde1595791	1026	f52474a7abc232d881cd1cf272f1d063a265285d	2026-09-06T03:40:04Z
refs/heads/agent-root-habitat-service-v1	95cac2129f322d09e58931d0d16bf641e2b33ebe	886	8bd896c2ec935771dfe51cba50eb22ab342b0356	2026-08-07T06:18:55Z
refs/heads/agent-root-habitat-task-210-scope	e1c106abcb5210c00558cbb2e2a1f8078503920b	914	e28d132b694242a3af34bb148b92d9c47773cb5d	2026-08-09T01:04:22Z
refs/heads/agent-root-habitat-versioned-content	6ca7a46c5e9251dc12faa36dba689ed076183469	912	443c146920795786b850188e2b6179bd29a6bd19	2026-08-08T23:14:45Z
refs/heads/agent-root-habitat-workflow-admission	66397039ebdb18f84dcd4b21b7a94194eb7374ff	1021	18baa71dfbb6e62a3a0db98b619336e2a0ed1dce	2026-09-05T18:50:48Z
refs/heads/agent-root-implement-complete-runtime-derivation	597bf6cf1d73d62c4ae82c461c334c71db3e68b5	963	7e99f8f94d6243fc45c4314a5bc5bcd5cd57bb54	2026-08-10T22:28:31Z
refs/heads/agent-root-implement-entrypoint-selection-check	7c7dec98cdb72fdfde690e2bb5f468b1e4c22782	966	6c5e6f70af89ff884d59d6df6d7ec20ac980fe19	2026-08-10T23:35:49Z
refs/heads/agent-root-implement-provider-effect-plan	277fcce939b4b9fc4be5af40cecee08e0d30547b	983	58a05767692e8637e216cde8258184f66cbc10f2	2026-08-11T09:20:09Z
refs/heads/agent-root-implement-runtime-bootgraph	fad12967df3b86cd8c99a96daf5fbf9b10495f4d	987	629d08d8b73dc04d2dc999cc020175c671ce14c6	2026-08-11T11:26:36Z
refs/heads/agent-root-implement-runtime-derivation-topology	e89792a7f0b9a56905152ce6b011cc9a63fce0d9	956	8e11ac0140a31bcdda3686cb9927e1d331379c8d	2026-08-10T16:43:32Z
refs/heads/agent-root-implement-service-use	3bc7552b00fe3d228362b120b4e1be06ab728e93	947	da74c92df9164c67ca2b8622bb8f297f806802f9	2026-08-10T10:59:12Z
refs/heads/agent-root-isolate-runtime-schema-cache-proof	3b49aeda23e8e6b2866d3fe0b24ae64c3de69106	923	3e6341df406d0476b1e486f6e4b1102d7debc37c	2026-08-09T15:51:40Z
refs/heads/agent-root-move-sdk-into-core	59f1b6c01f387597f2462a5a3d8861de1f3a74d7	932	d29177af06810b9de905ed133d2dad9fab8abe29	2026-08-09T22:19:32Z
refs/heads/agent-root-narrow-current-execution-population	16feb0aa821fc300376cb2fa6f4b9b74ab89aa96	960	062a59aefaab798723d612fb2ccc060f26fff234	2026-08-10T20:02:59Z
refs/heads/agent-root-prove-bootgraph-ordering	7b1f4736a6448f05d83b8c1f67197eb79b824c09	995	4753f6d281388f29d754c2c2542c2164e3e6e73e	2026-08-11T15:04:18Z
refs/heads/agent-root-prove-compiler-derivation-handoff	9744478c7dbbb3ce50d9429a9ee822e902310a20	979	7592bd3edd7cb75cf297211fe620f584c65b8b65	2026-08-11T06:12:26Z
refs/heads/agent-root-prove-compiler-determinism	d0e10c435dfafcb796384f1bf73e8a31363c6f7b	977	8cf5bb4b72421341963cf6a1f5196a60914b9b6d	2026-08-11T05:36:16Z
refs/heads/agent-root-prove-compiler-process-closure	5c50629194a0b728ab632e7cfd3086bfd7d57a6e	975	72233d03fb6e62643bcbb95e588fff77785e1c93	2026-08-11T04:43:17Z
refs/heads/agent-root-prove-compiler-provider-closure	d61a95fb3cefca2a2fcc55c1016fdbedcf153914	973	659e51d618e1739c9d3b992407ee4a546b89e5d5	2026-08-11T03:56:17Z
refs/heads/agent-root-prove-selection-derivation-handoff	02a5f45572628045f0d5568ae16ae6687296579d	968	63f97bec01c6c72b409d9a6de3b0379fd91ba1e1	2026-08-10T23:58:36Z
refs/heads/agent-root-qualify-platform-telemetry	9282c710476d194aff6b6933a55ff40bdb0f176f	926	6fbe3b25234458521aaa4d36083c89eafd0047de	2026-08-09T18:22:13Z
refs/heads/agent-root-realize-runtime-compiler	5edbaa91955be0841172ec604be05ef73ba41a72	971	c8ce735691aa14360c5ea766d05e3fb219250bb0	2026-08-11T03:01:45Z
refs/heads/agent-root-realize-runtime-definition	edfb88a638fb62922dbba0773c2417aa004eebb3	942	2c0aa807a1d3a2c8b2e843be92e2088170e4fbba	2026-08-10T05:19:31Z
refs/heads/agent-root-record-bootgraph-authority	e0079ee636596a2dd627c3416307ac8187f932e1	986	3a98483326f36044937a891b1b8e91812397a809	2026-08-11T10:33:29Z
refs/heads/agent-root-record-bootgraph-ordering	aa233cf4ab9d0d23281cc180e1f28641fdb93c17	996	517e31f6635e08984894421698909f91ed9bc222	2026-08-11T15:45:09Z
refs/heads/agent-root-record-bootgraph-proxy-authority	188864fdf1f2fc0639a46977b7dcabc9255b2db0	990	09a690f93fa927f0e024ca0bae5796d2050062c5	2026-08-11T12:42:14Z
refs/heads/agent-root-record-bootgraph-proxy-repair	ca09f4182703b905f65ed4328e7f06a340e37575	994	912d1801a40346e96356d34135c106a290bf1944	2026-08-11T14:22:07Z
refs/heads/agent-root-record-bootgraph-tsdown-authority	d8df6a1606b7cdb302b87da25995ffa3da26984e	992	4de059913b3fa8a1fd16009946d4f5b5da78990f	2026-08-11T13:32:46Z
refs/heads/agent-root-record-fluree-no-candidate	e34d75e030347ad6fc7ef30b08c7d859a33611aa	1003	b54b08d1811695806df495a44eaaca022fe55afd	2026-08-12T00:19:10Z
refs/heads/agent-root-record-fluree-no-candidate-receipt	febba713a84a5a593e3a579bb78d56cc86d3fa30	1004	deefc47a72f7cf7f234dc95bd7a37a2e319be0b5	2026-08-12T00:27:17Z
refs/heads/agent-root-record-provider-effect-plan	5f44403f479abc6f434c7dcc2c3ba1370255a0d8	984	ffa1f768ce7ccc54b1f520876ea4ce8a3415a808	2026-08-11T09:32:45Z
refs/heads/agent-root-record-provider-effect-plan-authority	2ca73bd83bb387fbbcdcc0794e3701185e8c09f5	982	7e09ad2f33b45f0d4c3e71d8352954ffb61fca8a	2026-08-11T08:17:36Z
refs/heads/agent-root-record-runtime-bootgraph	f78dc5d9391ba05af74fad6af8ffc1c02e823dc1	988	5308f2c56070408e6d18b8580a604e383bf57e02	2026-08-11T11:40:46Z
refs/heads/agent-root-record-selection-derivation-handoff	e77a41cd6e9e1d6a86a59409b24f993b3d3f72b1	969	6981e97aec749f2e1ba965461ffa4b6ceb05f210	2026-08-11T00:09:38Z
refs/heads/agent-root-record-semantic-ledger-authority	01c0414e453c1bc4621d90a2d5e1a3ba775e5fe5	998	7e08bfbf3745bd38ab3ce9734343244d5c59f73e	2026-08-11T17:48:33Z
refs/heads/agent-root-record-semantic-ledger-realization	c93a878c48db76151029181e2663c86c434d16fc	1000	25130e77a2b1ac9a82b44bde705589b26bae4de1	2026-08-11T19:01:46Z
refs/heads/agent-root-record-semantic-ledger-runtime-law	3a3df77ed9d31516e59a5360d95752d720a5a6f2	1002	5ce4c474f9126df542dee9ddacac9c63ec35e0d4	2026-08-11T22:43:19Z
refs/heads/agent-root-record-semantic-ledger-runtime-redesign	a0be9e811489ceda3795e675f80afcf478acd3f9	1006	374149800a067e527342e334ff6a3022fbd38cd7	2026-08-12T01:06:24Z
refs/heads/agent-root-repair-bootgraph-proxy-admission	bfd13e120690abe01a590682abfaf068123e8e95	993	2c16d0e68c04b218b17e1fe5c0a7a57cc8b946ce	2026-08-11T13:55:14Z
refs/heads/agent-root-reset-runtime-initiative	c0bd326a29e4bf45148b4cb4ea72b8690fa90896	941	2f2cec35ae9968aa165a8ecf92648a5978a5b367	2026-08-10T05:18:00Z
refs/heads/agent-root-seal-compiler-derivation-handoff	e501092d212a2a85d61a849cfc3158af62de6a41	980	ecffbb9afbad95b71d31786e24f682dea10ef579	2026-08-11T06:20:58Z
refs/heads/agent-root-seal-compiler-determinism	7d69c8a50fc076a6616e62e33d4860e82b1ba8af	978	60e32cf42488021e724aed7f8776881c49dfe727	2026-08-11T05:45:03Z
refs/heads/agent-root-seal-compiler-process-closure	1de9668eb48c8ecd8e523de84349c754a757ef6e	976	de6b328bd099016c06aaa1e943db3ee82f939cd9	2026-08-11T04:48:24Z
refs/heads/agent-root-seal-compiler-provider-closure	4bc05adf4c7e221e159d0e3c8c6e591593b094fe	974	83b28c491e02ae42ef1ae8eb0c4dde28293ab3b1	2026-08-11T04:03:33Z
refs/heads/agent-root-seal-entrypoint-selection-check	c72cbaeebed683cf87dad254c30aef308fca99bf	967	e37d13827edcc193b8dce81aa950c4aa3885be0a	2026-08-10T23:44:44Z
refs/heads/agent-root-seal-habitat-0515-adoption	17257a26b35c3365838141e1e844d792c2e2d04d	930	aa47684168649b38e2f39859fb71c6f2477c3864	2026-08-09T21:40:47Z
refs/heads/agent-root-seal-platform-reader-audit	07369c9f82083e7afa221aeca9c709e7cbf6213b	950	5b9d728e6889ac2929598c5364ac24504195c9f4	2026-08-10T11:28:25Z
refs/heads/agent-root-seal-repository-separation	f98d8cfdb50653c8d62fd4af0e20c7edd9386add	925	ead5769f80f8459ec4d59fd7e8f44f822b2cbd3b	2026-08-09T16:17:52Z
refs/heads/agent-root-seal-runtime-compiler	bfd07f6e45c08094ca61a4c496a71836b7c568ad	972	e9935fd4214cef314ef47955f0858c86e7e4d28f	2026-08-11T03:17:45Z
refs/heads/agent-root-seal-runtime-definition	4c0c629bc199910cafcde31ab531be9802496dfa	943	44f53ed05d09cae7360e100346c42e3039741e97	2026-08-10T05:35:20Z
refs/heads/agent-root-seal-runtime-derivation-topology	614ca6af59c4f90d06c31419f5ae12ed6b97f83c	957	c48aaa8d17b6ad40461a9a63be695298c4e4786e	2026-08-10T16:54:56Z
refs/heads/agent-root-seal-runtime-plugin-faces	e151e26d1507035f4857d7a60fa83d65f5a3f6e1	945	11908cb49c30249e2ac3f06574a013f713e549ab	2026-08-10T09:59:28Z
refs/heads/agent-root-seal-sdk-core-reservation	95cc931b7536b7e3159f8047310d833cb80683f9	933	1c5e72e9d5e041cf9c58cc307e56abcc3827b98e	2026-08-09T22:30:01Z
refs/heads/agent-root-seal-service-context-lanes	837aafd05af89abed09e6c4731a0ca38df744676	952	eecc98770d97ffb0d8b56a47e44828c1246d7abd	2026-08-10T12:06:57Z
refs/heads/agent-root-seal-service-use	ec644f88c445eb5994f3523b5f938dd010d638cc	948	49fe48d18b6dc6c6b1929f665c4d95a3aef7bd12	2026-08-10T11:09:44Z
refs/heads/agent-root-seal-web-projection	b1b6239ddeba2d51a4e94d5dac4e58361f4f37d5	954	0b8a69e209d0f3c047aa4c91038b1a7ba97967d5	2026-08-10T13:07:44Z
refs/heads/agent-root-select-semantic-ledger-runtime-redesign	5de8ae6d9e545a942f50329642ed68da666aa774	1005	270d614921cb802e976da38bd6f098915dc91bab	2026-08-12T00:55:40Z
refs/heads/align-arch-spec-with-runtime-realization	7f9630262ad16c4e1d32ab661ed04d3b67c40143	308	5402c0a3f22fd5c74dde8a4690d6c233234362aa	2026-08-07T03:25:44Z
refs/heads/codex/accept-landed-inngest-content	2e4a1e8a416ee272ab779ad490919f0de2a4be44	655	a9664ee64cfda93a71f1ff83831153f319036f5d	2026-07-29T18:23:16Z
refs/heads/codex/accept-ordinary-oclif-package	ce9d484acc149ca26cd7a35c0e8d5a5acdd114e8	652	4e7a9da30a5c5db82027001b03e45574a5ad0e58	2026-07-29T16:52:37Z
refs/heads/codex/activate-service-construction-laws	1ca4dc1d3da3aee69fb13e525464050a84f7ce65	792	23c8b1841723fb2ae30351cb95b6af86fbd75cdb	2026-08-05T01:37:28Z
refs/heads/codex/add-habitat-agent-stop-command	12f6def5a23c22aa9286d19d8d200d4f54127103	736	8b630f4d52a901c4edc4a6cadc2116504a69245f	2026-08-01T05:00:30Z
refs/heads/codex/add-habitat-blueprint-pack	e9e77176cf1e543419dd0285aa375ec2c04e53c8	739	d898aaa57cd095138e2caf3ec5a86e5b93332fd0	2026-08-01T07:11:04Z
refs/heads/codex/add-habitat-consumer-generator	c7f370c12b951b81bc3aa60c51b0fad29d7f6826	737	11c83f083173d42b924a31cbb84346a0db013670	2026-08-01T05:04:00Z
refs/heads/codex/admit-embedded-api-context-middleware	395968463af7e262ba3fa8b2bde5645579a82bee	617	536a49aff57d7daabb4d09f17749956728194b12	2026-07-28T06:50:27Z
refs/heads/codex/admit-habitat-blueprint-pack	ec7467fee60c7241628d05027729f5812666c1c5	740	7ba8fb7d272cca37074fbab3e156d799e0ad0351	2026-08-01T07:13:41Z
refs/heads/codex/admit-service-boundary-platform-independence	1e1ff0c3d935614890ecf98f23cef3d7a0055165	519	181d1da34a3dc373449fb21fadcafde378efa098	2026-07-24T04:52:30Z
refs/heads/codex/admit-service-private-aliases	1cbf40601b7ba2c752a189e6b81f31f2a5a29e6c	518	b62baef200c18d76395bef2397bf132ec8152933	2026-07-24T04:48:29Z
refs/heads/codex/admit-service-root-proofs	09123e537d2edfe76fde8d1006161be491fa47e0	642	dc78e35863f3ffec55b4fe341906decea37efbb9	2026-07-29T03:27:15Z
refs/heads/codex/adopt-contract-description-law	f29926a79ffbade81c3ff1bb1ff35a57e09f6bef	598	d8e5775ba9132801a17755aa5123054ae9962eb2	2026-07-27T16:10:58Z
refs/heads/codex/adopt-habitat-ai-package-scope	cd7c6450ac5d5e42541e2970782506ebb0f7ecc7	744	b7ffb43731b1dfb462c4f845722e6b590744b938	2026-08-01T08:52:36Z
refs/heads/codex/adopt-habitat-ai-typebox-adapter	c722a256e158816214ed883519abc854d8243d05	745	2898d4f8e1d4ebf35ee92f61c64eed2639d90369	2026-08-01T19:11:28Z
refs/heads/codex/adopt-orpc2-effect4	fa2985923ec489e4e3125ba2bbee7bb1195922d6	628	3b142e560f3b3cefa255356fa7343c56cac18d99	2026-07-28T16:46:01Z
refs/heads/codex/adopt-service-capability-funnel	58713003c46c00ac8b0cd4a2ce5b0e2dd8cf37b3	629	b1fc518c5aacc31586918da5d8a43bd8e1f1dfe8	2026-07-28T18:00:09Z
refs/heads/codex/agent-C-agent-config-sync-managed-provider-plugin-parity	7559c4923ead2d1c9b2f189949020b61598c8304	311	32f0c223accacaf7536cfe5321bbaf07ef783bb8	2026-05-05T05:15:25Z
refs/heads/codex/agent-config-sync-derive-hook-material	8ae67bf3d8f4756fd45422f46d880b156f40aa7e	313	b73afd98133fb03d4b25842945de71bd4496175e	2026-05-05T05:29:06Z
refs/heads/codex/agent-config-sync-filter-hook-support-docs	734de1d2b75e93ce8e544b4b80371ece855e9364	312	367382a1fa3bc2145fa300208f74d8f96243792d	2026-05-05T05:20:59Z
refs/heads/codex/agent-config-sync-provider-install-polish	cc7f06932b42abfdebf9b7746fdf33a6a2d60a48	314	1df30ab2747010ce3cc40cb721feb48e18c3e664	2026-05-05T05:40:51Z
refs/heads/codex/agent-root-add-biome-tooling	881e653689ca68f4a21c9c8131920e7972dc451c	449	e214f69279c582843d6661183900e092a847f6b5	2026-07-23T12:04:32Z
refs/heads/codex/agent-root-add-nx-quality-targets	5b215515bb5d3b755e8c409c1808102dd93d660f	446	eb6fafcf1373251eda712800a88747585c7cf58f	2026-07-23T10:15:48Z
refs/heads/codex/agent-root-add-oclif-blueprints	51e298b6201a36c2eae82936bb0ce67e6920a475	442	877bfaa854cefe4ab907badd36541d9f025afe87	2026-07-23T08:05:30Z
refs/heads/codex/agent-root-adopt-current-service-source-law	ce6a5e9a82d010e44e7adb43fa4e729c41e65b0f	491	c3b23d07481df7028da6e55568fd590cdb21604f	2026-07-23T15:26:33Z
refs/heads/codex/agent-root-adopt-full-service-blueprints	534f09f0e179f694a0e55a02671f51d957748361	504	c29cc932203dd48081df94ee52142c796a05247c	2026-07-23T21:48:04Z
refs/heads/codex/agent-root-adopt-habitat-v016	113d60089db657879f6b737e4af429b1100c865c	487	0f061d8eb1aada0a6e93c43d5b19d408214bdab9	2026-07-23T15:12:31Z
refs/heads/codex/agent-root-adopt-package-less-api-plugin	0d68bd745caf48473123805e3a5c04b1028bacbc	495	75430cc31b996196040161d4c2dbca34e75d8e86	2026-07-23T17:44:24Z
refs/heads/codex/agent-root-align-effect-oracle	a6bced6bfceb57669be1f0297841440f04a9f065	452	19753a976f0a0fd38639f2b88d3be991feb85c6b	2026-07-23T12:25:31Z
refs/heads/codex/agent-root-align-lifecycle-closure-gates	b1ffadae0e1bec4b9c56b5e47457024cc0097c04	503	a9ed9965d7290de76b7e9a0aaa95e24b9d9b88e5	2026-07-23T21:10:42Z
refs/heads/codex/agent-root-close-habitat-packets	d9620fce7532eca3f65c4f2d77b6327a976881c6	444	eeeac872e670bddb95b3103260657d9b13228709	2026-07-23T08:24:30Z
refs/heads/codex/agent-root-compose-native-oclif-plugins	6849fefade93c70cffa25aec6bda3e80f256b5df	462	e404866ddcbe3b90d7de0ba0982904491bbef030	2026-07-23T13:18:32Z
refs/heads/codex/agent-root-compose-repository-checks	2f6103a1f1f93700efbe09b9d9444ffd603d659f	496	1a9e1258b29986e666e4223d1931fdc29296a6cc	2026-07-23T17:51:31Z
refs/heads/codex/agent-root-correct-oclif-blueprints	eb302c7c4cc76b40baa7a50f9a2969fcdd83a35f	456	b9d33e20ebbb976d3eb90cbf06ee5d4f2190fd9c	2026-07-23T12:48:32Z
refs/heads/codex/agent-root-correct-orpc-handler-topology	5373f952ef684307822ddb21361a8bfcf0e45cc6	445	2648f2eba31c3e1fc37a88700a949af693579150	2026-07-23T10:06:22Z
refs/heads/codex/agent-root-correct-service-laws	6f26112177d8847fdc87f9d1013257b853fd6e58	497	6018be38749715fededc9111eac1297d231e9ee4	2026-07-23T19:54:17Z
refs/heads/codex/agent-root-correct-typebox-standard-schema	439f53170041a543e59f3ddc2a1ad599cab7ca71	492	0854024afe9a76ef0ae4ae3f427182be25fe8420	2026-07-23T15:33:34Z
refs/heads/codex/agent-root-cut-over-nx-check-graph	93b656628ce332f2a0bea67909d1e3f0fb387b14	506	8820edb5c5450a892a68e1190d8dbce3a5f295b7	2026-07-23T22:50:11Z
refs/heads/codex/agent-root-delete-controller-distribution	2d7f1b29e57301e12f6ee31a06bebd3092781e39	466	372bdff3da94f699156832229c11cb4291b3ee44	2026-07-23T13:37:30Z
refs/heads/codex/agent-root-delete-controller-lifecycle-state	755a9d5648ba9ce4c8075252d032f6f2ae5078bd	474	82f001bc05466fc28a67e9e22479503a438cbf75	2026-07-23T14:10:32Z
refs/heads/codex/agent-root-delete-unused-orpc-client	75ce9dc0fd3c91c6c282cf280049585f44d5e8a9	501	8c76c28ecbfee756be9db920a61aff2a71476aa7	2026-07-23T20:26:30Z
refs/heads/codex/agent-root-document-grit-helpers	9d90fed9bbb0572d6d019ae613a5430e19692880	494	c43bbb569296164e272bf9caead48c4333ada646	2026-07-23T15:44:32Z
refs/heads/codex/agent-root-fix-native-source-schema	737cf6e2e57aff583f3a5451a5c18052d8738174	510	77a76058b101b002bc5f9a61e027ab5c8b6b0b39	2026-07-24T00:04:40Z
refs/heads/codex/agent-root-fix-nx-task-topology	4f479ebcea63529961c41ba2eab033ca576627a7	454	9c991471922b9d7775f7c04db55f232e42842712	2026-07-23T12:36:31Z
refs/heads/codex/agent-root-format-workspace	a0020f1abf5ad2e4b8de0fe9bb9e0c0b6e06489a	450	c562ba6dcdc5186481d71104922233d4a9b65d16	2026-07-23T12:11:33Z
refs/heads/codex/agent-root-import-current-magic-blueprints	5566b2979ce4d1058bf7b53f41f7ed45a610529f	472	b3e422a978c4cbba456da4562337cde2cbd7289f	2026-07-23T14:03:32Z
refs/heads/codex/agent-root-migrate-effect4-vendor-realm	a94a863c82fefaf73aaf3bc0dec36bb68d20fdbd	475	b2033f38e4cbca9e3d310921e7463ff92753d8aa	2026-07-23T14:17:34Z
refs/heads/codex/agent-root-native-grit-helper-law	b19d1d44e1f72c0fabaf60691ee13a056a708d21	499	1d806902d50211bdb2ded3468410cd2bb45a4819	2026-07-23T19:48:27Z
refs/heads/codex/agent-root-normalize-ci-targets	a31e603b81ea1c364dfca7a632d2817ec34e5c91	507	806d763b9bfcaa96987cf285fd4db8d11e0d6dc3	2026-07-23T23:10:59Z
refs/heads/codex/agent-root-normalize-command-packages	2f12e4c29c8e802d2ce7c6989bd98a7d3bdea0b4	459	8def868e582d92e3451d2871306f890e8f8bae60	2026-07-23T13:03:31Z
refs/heads/codex/agent-root-normalize-lifecycle-effect-impl	1c832b445908095a92a6b5586a26b8f98850e690	500	c04d832c5b4129b69ab56dc17c66630f50895a1c	2026-07-23T20:12:21Z
refs/heads/codex/agent-root-normalize-lifecycle-service-implementer	0411f6d252afde3b4ee98c7296024ce59ea0e2a0	477	333c5e834e95c268c669e9c754079dd8bcb98a42	2026-07-23T14:21:34Z
refs/heads/codex/agent-root-normalize-nx-check-graph	46ecfe70be74a99afd077a7c3c4e34b79c383453	505	a5bff24532eb9fefc2233353f26362f359a88393	2026-07-23T22:14:16Z
refs/heads/codex/agent-root-normalize-provider-build-ownership	f08d0b2221d8a113fee6d8a8473036e1b596b35e	508	4913b1bff49495c38500439b5abc61679d65c260	2026-07-23T23:30:30Z
refs/heads/codex/agent-root-normalize-quarantine-routers	892f0cf0f64f29cff1983b3193ccc983554778c1	483	5f6ee83bfc6ceca0e1bbe68c893a0addfc98e668	2026-07-23T14:54:33Z
refs/heads/codex/agent-root-normalize-root-ci-scripts	1700132633a7c0322db8bbcf4bdecc6a5ddc6298	511	d439dbbf5f4235494bdf4413946eb840b43e8512	2026-07-24T00:29:52Z
refs/heads/codex/agent-root-normalize-router-graph	4dc824919c548902d67b2d1ce12b924a70c2d11e	484	9ddbd544a682bfbeef096d73573733205b31de60	2026-07-23T14:58:30Z
refs/heads/codex/agent-root-organize-imports	810624fdae19d37833a866b3fd6fa075324590bf	451	5ebc63f5a0b4c2ff335bd3846ea9e3878df412f0	2026-07-23T12:18:32Z
refs/heads/codex/agent-root-package-exact-git-content	79cdcc466dcaeac45065582374fc1d35e5d38895	468	b2456835b7449e5c87a2ca609c8f649ded2abe1e	2026-07-23T13:45:31Z
refs/heads/codex/agent-root-plan-effect4-family	4e1d2dd6262faa8adc7fa107df007d88a37b2b0e	464	0f9c19715264efc0f5406a887bcd5bca1969c374	2026-07-23T13:26:31Z
refs/heads/codex/agent-root-port-habitat-blueprints	910e1ad728f2d77d772d4fa348999011c9f9eea0	441	9a4eb1f3a92e553c879d5430b2ec2841ecfd95e7	2026-07-23T07:52:31Z
refs/heads/codex/agent-root-prove-native-oclif-roundtrip	9725fe85c8f59201c5c2adf3455bef16ffb0b4b4	463	d1fdbf7c5dcce047ef5632ee529f3f939550c0c5	2026-07-23T13:22:30Z
refs/heads/codex/agent-root-reconcile-native-providers-directly	da4857f2fbdc05a6f876a548768b9d608805e224	470	b64158aa2c07820e454a25c9f68380b52e260e87	2026-07-23T13:56:32Z
refs/heads/codex/agent-root-record-core-toolchain-baseline	0bf9d2361b6ae4f2e2303715c7d7700cbe431dc0	448	267d27970304f5634dd6efa76d7d1a086b8493ce	2026-07-23T11:57:30Z
refs/heads/codex/agent-root-record-exact-git-packaging	2b4b86b9a8a47844ed0ba00d47a0c7cd749dc1e9	469	d88d6396faaefd95d190a27d1281546ab6863a70	2026-07-23T13:49:32Z
refs/heads/codex/agent-root-record-native-provider-reconciliation	35193ecd284c33f5eb26c396cd77f9a73d1d34c7	471	9295a6c47465595e1a37e54456a5f8a6491634c1	2026-07-23T13:58:35Z
refs/heads/codex/agent-root-refactor-governance-contract	5021c65cf46ab01a0f6e8ad85d98407070c3783f	513	a907a9f4d0e287e10ab52597aa4e4e30354c9403	2026-07-24T01:22:26Z
refs/heads/codex/agent-root-refactor-lifecycle-service-law	1a09af8d7aadcedc48fe7f6494c49a395278a363	512	4d868fde145e880247f79ae49541d214978ab2bc	2026-07-24T01:10:46Z
refs/heads/codex/agent-root-refactor-packaging-contract	4ebe8fd0d48514384ca32607f84c515dfe01bf91	514	2b6d0afaa2547ecd483cd9e0ee7a6ab884d42e86	2026-07-24T01:31:03Z
refs/heads/codex/agent-root-refactor-providers-contract	505c284fe4d8105ebbc49889f7c4a3609802a727	516	8b5f5cd0db5e3621202e44ef7db9f0412d41f3e0	2026-07-24T01:49:57Z
refs/heads/codex/agent-root-refactor-vendors-contract	a95e3b896cb0845bcb3db4e62289445fca9903dc	515	82c493a3611b1a7c38faf35dd4ea332a915274e8	2026-07-24T01:38:32Z
refs/heads/codex/agent-root-repair-eslint-fixture-admission	252f2c0d1e05381c197243e76b3977e0ae059ff3	481	a87ef99fd252eb18124c76361234867857cef046	2026-07-23T14:43:31Z
refs/heads/codex/agent-root-repair-slice0-generator	4f7176a3a9a6e51c0bfedcad84ee647b927ed942	485	c666e138427f1149e5060e8916b21fc8ec49b5ed	2026-07-23T15:01:19Z
refs/heads/codex/agent-root-restore-oclif-release	468ea411187f8ee0227b902efa5bf0039e29cd68	457	123d16f3323a3aab5020a3dfa4358177606b8e8f	2026-07-23T12:52:30Z
refs/heads/codex/agent-root-retire-export-race	93419a83110a84952be9111078d107fa3741a320	509	714748ed80cf3f5d23532a702fd1b5acc13c9f1c	2026-07-23T23:52:10Z
refs/heads/codex/agent-root-retire-inspect-after	8e7b3a1d025cf1ffd0a7b63ce43f6e52a3dcc030	502	508587396e8313960007cf5cdfd30a33cc1102f0	2026-07-23T20:48:42Z
refs/heads/codex/agent-root-retire-lifecycle-dependency-blacklist	8f4072311a60741cdc4d04d2d53e72996bf1e4fe	443	88771177daef3884f5ff57566d786b3d64d6a1e9	2026-07-23T08:17:29Z
refs/heads/codex/agent-root-route-app-package-boundaries	1b2b74d570455c54d947674d76335283006c5a60	479	a17fa910ea1c47753deadf0f55dce56b43f015fc	2026-07-23T14:32:31Z
refs/heads/codex/agent-root-route-plugin-boundaries	5f78eb8ecd9a2189dbc02f71ff267b482d381048	480	cf7bd57cef0eb4f5b97ba421554784de8040ba81	2026-07-23T14:36:31Z
refs/heads/codex/agent-root-route-remaining-tools	98e7e32acc7419090e77b9527be42b8b497a3f1f	486	ef4c6a6fa30fa9569ba41fe79d30062ebe3bcfcf	2026-07-23T15:05:32Z
refs/heads/codex/agent-root-route-repository-tools	85a37e101074372b4623446ba5648f6fcfdc378f	482	3328d7d8d9290ffc9c28b9492e1ca294eabd0e5d	2026-07-23T14:50:32Z
refs/heads/codex/agent-root-route-service-resource-packages	ffe2f8c50d45ed82963497118528b2b24c4270cd	478	152ae9da859c2a2e2d72e630c5168687ea70aa0a	2026-07-23T14:28:33Z
refs/heads/codex/agent-root-run-native-habitat-in-ci	24ee53daba2b22036fd1af44c813d72243261dfe	490	5f69144abd7f08c4fdd7069f0a179f8ec62387ac	2026-07-23T12:44:30Z
refs/heads/codex/agent-root-scope-oclif-config	006df2377882c67c6ff9d6c83bf0cc9d1fa075e1	458	41f68f780c2634955ce30067a5494a207873c65a	2026-07-23T12:56:30Z
refs/heads/codex/agent-root-separate-repo-authority	14eef03fb4e921f7e1fb9c428842bd1b32f1c723	440	64a15677d87213f03dad0ad92a69c80df63a7939	2026-07-23T07:45:30Z
refs/heads/codex/agent-root-sequence-release-after-deletion	3819a0b339d74d119cbb1a79663eb099856d7016	465	f0257e7382c1ab2965220c04f38833359c300b5d	2026-07-23T13:30:32Z
refs/heads/codex/agent-root-serialize-habitat-policy	40101fb0790a35104bbc0085bbd76eefa70326c5	498	97181c11008f58632e276f95a5efa61465936a38	2026-07-23T19:14:56Z
refs/heads/codex/agent-root-simplify-cli-lifecycle	876ee45c4fe60edaab252ae2abfd5024e46443b2	439	9ba7ddbd38dba83a3a56120b44bc391248d708a5	2026-07-23T07:23:42Z
refs/heads/codex/agent-root-split-habitat-router-checks	be62408bb1cbe6452b268ea1d3c5a505dbb67097	489	d4d47571e075da5ab55eabcc690f90d77eab4a21	2026-07-23T15:19:31Z
refs/heads/codex/agent-root-split-plugin-typecheck	b5c3bc7ee4b9ff302f6fdae170b64d7521f008e2	460	1d1fb7e010a579a109a976dc699bfd1e77f7fea2	2026-07-23T13:07:32Z
refs/heads/codex/agent-root-trust-operator-git	35fca7a63c4bffd2f2018e9a994aa4b9d1315215	493	66fc0628e02a6bd4ba82da237eee1d949a86c8e0	2026-07-23T15:37:34Z
refs/heads/codex/agent-root-typecheck-habitat-consumer	7a38512a3903bfe28b3af87059737a4029f79148	447	d33e3d04d229add5b8f24a5adf5b5a7c4593209b	2026-07-23T11:50:57Z
refs/heads/codex/agent-root-upgrade-nx-23	d567690ebc366985561d965c07f7b5d1c36f5f45	453	26f81e7a1a756e0904bffcce23684e3c549fc5c4	2026-07-23T12:29:31Z
refs/heads/codex/agent-root-use-current-oclif-invocation	0e7be01a46e2d7afa32bd2e49dc1dc5d2c4ffc5d	467	02165f06ba626f7ef56cd8e7ddab8d5dedb11fbc	2026-07-23T13:41:30Z
refs/heads/codex/agent-root-verb-first-vendor-commands	1bb59b6bc9cd410e3c913b44a15af55c8b327f8c	461	cc7012441ed1496c276c3cadcc2a86d6fc936e26	2026-07-23T13:11:31Z
refs/heads/codex/agent-root-wire-nx-admission	8b27d0ee4c73a6fd4380240bb048792fcb930e0f	455	c8e540e0920809d6e951204f13c882f8b84b505b	2026-07-23T12:40:30Z
refs/heads/codex/align-effect-runtime-identity	e10d39d3045017d58d18b345515ef35e9c1f8cbc	807	d0fc28f2999fa1ca9256151f3b1419470c733c21	2026-08-04T22:12:07Z
refs/heads/codex/align-native-provider-processes	c4e6f35d268820095fa6199155b60082f39f6f66	818	fab63907ae9420b56dcaa57bf9c3ec2de34b1b1a	2026-08-05T15:55:02Z
refs/heads/codex/align-service-blueprint-authority	a0068892b67dc1b06006edd59282bd04e3bfd6a1	539	6390693bb797ae3a05e12f66d90d351de060e9ff	2026-07-25T23:45:59Z
refs/heads/codex/allow-module-context-curation	70cab16b29d30f58466994e7e4a3d66faa97b687	610	ef1f91d822bd3f707239d2792f2d010c7b761d3d	2026-07-27T23:45:53Z
refs/heads/codex/allow-schema-free-service-databases	80b2dc94848429a6a71bca852789bd810a5ce24c	609	56cb5bfaeff7f7a39e040ff3b1185aa67d247fd8	2026-07-27T21:44:45Z
refs/heads/codex/archive-habitat-check-performance	a4a54e3d1a60cb0d12b47b1119741874e6c671b5	839	333d2919f476ccf1dbfb0039eca20c4028ffdc71	2026-08-06T04:56:49Z
refs/heads/codex/assemble-habitat-cli-app	63dd7811b34a25babe792d9abd80e5d5763b9132	726	d60f97d0f51b06063afcda8daefbfa16ed14aa02	2026-08-01T01:18:57Z
refs/heads/codex/atomize-rawr-controller-authority	76d15a0e4b907de5aea2e394854517d6e4e5d493	332	161fb4f5de6596a6d6aa369c0a2d904165474a7e	2026-07-16T06:03:11Z
refs/heads/codex/author-provider-test-source-selection	6a8d93acea5fae4e7f028132f81586dc027a5fc7	571	efb230c78ea0bf0628311b762605c2ea70d07c14	2026-07-26T23:24:41Z
refs/heads/codex/automate-habitat-publishing	018e29e02d05e73a9b4b824a43dbad529e2bf3cd	751	37c8eb2a874e790bfd5991976fd30e81d137a442	2026-08-01T22:42:25Z
refs/heads/codex/bind-cli-production-lifecycle-profile	60dd2f7dd97e5c5b30c3aba4310ab99aa38414b3	678	a25f72da1505f90206c6ff14bcb0ab5de77cbbec	2026-07-30T09:28:04Z
refs/heads/codex/bind-native-provider-release-tag	ec3ceb482f042dfaa12ea2ff0c0a61bc89ecbfda	819	a54524dfabf365b0553cbca58e205d48f040de27	2026-08-05T15:58:04Z
refs/heads/codex/bootstrap-rawr-npm	bb535e50b4254ec4daaa8eead6faf30f03a900de	776	a7adcdc1aee48c183bb0386a5b3d1267b15edd6a	2026-08-02T11:49:49Z
refs/heads/codex/bound-native-nx-cache-acceptance	d07cdd9149155fba25f04ee40c997daca0a0cb78	842	bc39f59660a1c666c940d681f88857fff764918c	2026-08-06T05:44:30Z
refs/heads/codex/c1-atomic-controller	6e6f7aadc46e9ce87beb97dc3ea1ab7475bd4d28	333	5aad2da932e3c74c586a64a5f381a5c4a80424d2	2026-07-16T11:19:38Z
refs/heads/codex/c1-controller-authority-archive	0fbfadbdd300ff0e8d3d0a3e3f2690b1544839e5	334	ce816a7b4bdb0a23b575ac5fb01e64625647b452	2026-07-16T11:37:29Z
refs/heads/codex/c2-agent-release-product	e8bf7b31a673def65c04f1246cdc8a08a04482e3	336	dac4c6407dcc8d75adc34738f5ae9995a43a1810	2026-07-16T19:00:17Z
refs/heads/codex/c2-agent-release-product-archive	bba27c52941ef8cb5f66e1b801c446eb7378349e	337	9d0c1797fc051f40e1c79b4ea7bab680d18f3ad2	2026-07-16T19:09:29Z
refs/heads/codex/c2-agent-release-product-bootstrap	8638870ff396ed431f8d49788c0811df45ee8204	335	23d1f1efcf54a4860fa55261df7f29e5c68d063f	2026-07-16T12:46:28Z
refs/heads/codex/c3-agent-native-convergence	4d435e83ff78677200d211a2c6ffdd62af48493d	338	3f09e6a4fa1614d218317b411b60719a2603f5e3	2026-07-17T01:24:49Z
refs/heads/codex/c3-agent-native-convergence-archive	1b989493eba43595189c84b7c0a31e9a1f5658f3	339	7e208f4b87aee24c35bc8dbf015d131c9d955a93	2026-07-17T01:35:02Z
refs/heads/codex/c3-agent-native-convergence-closeout	4de5a89a2f06929c7225c92e38cf1083d8188f4b	340	feb311b41cb6b18c132c680781967a24976b60b5	2026-07-17T01:36:55Z
refs/heads/codex/c4-app-composition-authoring	42d52acb4afb76872b287da335804c4038428011	341	2371d9b989c5d9ff92cc4fb799365634f2634e2e	2026-07-17T02:07:50Z
refs/heads/codex/c4-app-composition-authoring-archive	cb4d01c52039af11eee13dcdfc45fb5909f0dce5	342	5350f81f2e4181105e8c60efd3d693e40fa6b348	2026-07-17T02:24:09Z
refs/heads/codex/c4-app-composition-authoring-closeout	2a02a54636a2a6aaeb8530344529e3dc18c77720	343	0199b5c62ac9bfe9dd1062116e64c206ab39dec7	2026-07-17T02:26:48Z
refs/heads/codex/c6-agent-lifecycle-public-interface	3f3a3be2dda70dae2682f88feeb23e5e9d349575	347	5b13459151d8b0f673ee73c899577552820f6ffe	2026-07-20T00:06:29Z
refs/heads/codex/c6-artifact-context-proof	afe3b6241fee47605a26ec506cfa42b3ee228acb	385	7c5199424404c77674540660428cd48e60fefc9f	2026-07-20T08:57:29Z
refs/heads/codex/c6-atomic-canonical-cutover	80035f93f93bbcf63e2bf791d9b43968dd0ddee2	360	7b06e6078bd00b8ba1ef350c22c50654c99b629d	2026-07-20T04:02:42Z
refs/heads/codex/c6-authoritative-current-main-schemas	72d34d85a432bf60dd76dcfcce8ce459d220c948	422	f153a27269c3cf73a7ff59cf89c67586e3141e6a	2026-07-22T00:31:30Z
refs/heads/codex/c6-batch-content-blob-evidence	5b5293c1e934a87baa5d754e81eddbfe9227878a	410	ec58d06ca89bc0c6d0e6866624e4991d8830ad3f	2026-07-21T05:48:27Z
refs/heads/codex/c6-bind-native-provider-resource-location	c6ffabf18134dc0e55ce9b3c9dfa2336825cfa29	374	a0ae82a59b59bbdacc1f6abdc535e89b4cf790fd	2026-07-20T07:37:29Z
refs/heads/codex/c6-bound-export-root-claim	12c570badb1bac9c89fb03eb0a647b3d08584d14	365	a06725d5e59e3dd1aa5ff451c065c0f6266171f5	2026-07-20T05:30:21Z
refs/heads/codex/c6-bound-governance-contracts	0afe7f4ee2a1ef093949b7fe9966f66061c55ae0	435	108c7f596bd96afcb913d099c4d50f5cc468337a	2026-07-22T00:57:32Z
refs/heads/codex/c6-bound-packaging-contracts	e393e8932f1df0355744ef50f8034a29267c0583	434	6e90ce577ac1131235c8903855076ac5fa9512df	2026-07-22T00:55:32Z
refs/heads/codex/c6-bound-provider-diagnostics	f362858bed77cb22b3b8ff3f01b516840a05fcc5	431	684e1ce86d851ca30e666ea7a7d8b177c6a9c2fa	2026-07-22T00:49:31Z
refs/heads/codex/c6-bound-provider-test-output	877659d63fe4fce29729bf5a3dcf7b497ef1ff0a	406	8d9e227736b9be78560f15c5e302527d24dbbb07	2026-07-21T00:18:45Z
refs/heads/codex/c6-bound-release-contracts	ff1d0c7e2d61f97983959951fb9255b987922c58	436	f15d1cac08bbb986ade1000d1f5ac241dcac7002	2026-07-22T00:59:33Z
refs/heads/codex/c6-canonical-convergence-executor	70a97fa901e951ad13b07809ffaf775d70eaea82	358	75e10c9f0d70972867e1abd85b226e24afe3ed07	2026-07-20T03:22:47Z
refs/heads/codex/c6-canonical-convergence-policy	3f46baabd127451a42522cad7fa505afddb0300f	355	0c688a9c105e3b9762b27b5269b4ee01e254ac03	2026-07-20T02:17:38Z
refs/heads/codex/c6-canonical-desired-state	ae9572d76de9cf80e3e5f1bdb32efd766cd3913e	356	ba953b8866f812cf6c64899ebfcdb7fe59c0399f	2026-07-20T02:39:03Z
refs/heads/codex/c6-canonical-service-boundary	3fabbe322d335b65f0ba254c0c2ea0ef09e79cdf	395	df5626b29ec60408e532637a9ca119932eaa4f4e	2026-07-20T10:34:29Z
refs/heads/codex/c6-continuation-readiness-record	7d0debf0c9c2dba8a377fb6a570b7ffa0d47f778	396	2f9e303a13860e92d0011d228277c4c2149f6b78	2026-07-20T10:36:30Z
refs/heads/codex/c6-correct-habitat-authority	0feacdef043f51bead4e8252a41b99378f020640	433	be9f88e91e552b41525f90e44c7f0690ade46ea5	2026-07-22T00:53:29Z
refs/heads/codex/c6-correct-service-context-direction	3ae2437b34c2393d1e1b35fdaf7b2e7ea4b41fee	363	0c4b52fe6a2fa77b279d37de1e303961c37ba9d3	2026-07-20T04:56:25Z
refs/heads/codex/c6-current-main-context-proof	089f9060730bacf7121688001e7f0a91237b4f63	381	11d8ac7f4755997930153a3abd10816cafa4d85e	2026-07-20T08:37:50Z
refs/heads/codex/c6-current-main-record-path	8b4c8c4fcb93e3f0da2f50f3d35c9cc5db2175c8	401	3f8af32b2b611709e03d9ee03605da79c11067af	2026-07-20T13:22:51Z
refs/heads/codex/c6-current-main-v2-codec	f5369e649b1850249f36881fa83eb0be22e81386	351	086f13044b0a3df4d0f42c8ead9c595b88265357	2026-07-20T00:49:49Z
refs/heads/codex/c6-current-main-v2-selection	1bf792c60e4d892d4aa27950b1fbd67267d9d2bc	354	a58d444e58ed4c427953b84ebe85a24f5be6e765	2026-07-20T01:56:16Z
refs/heads/codex/c6-declared-plugin-tree	7bf752d06f561065d5558eb88dc14c860c8126f7	391	b2d33fabe9676115753add2e99ff1c4f0b3952f3	2026-07-20T10:26:29Z
refs/heads/codex/c6-deterministic-manifest-proof	b5dcd336232628d911d1fbe292ca31857f5e68e1	379	87af891da61ea4f8765fe0909c2f70806d18215c	2026-07-20T08:25:11Z
refs/heads/codex/c6-deterministic-oclif-manifest	a710544610ce66f6c05730b714635760a42e3aaf	378	21c89df114b9fe5133766eeb65d010e0674d4e00	2026-07-20T08:17:32Z
refs/heads/codex/c6-export-artifact-context-proof	3390f90401ee8bb0de4dc34f4fc720471332d885	387	488310f16d6fc8f2a45252629deda335833b6a94	2026-07-20T09:03:24Z
refs/heads/codex/c6-expose-artifact-tree-location	70c766c5d00ac03af458f2faaff3f56317ef2eef	372	2ffcb1800e3fb284062809241238a75f89022312	2026-07-20T07:16:52Z
refs/heads/codex/c6-fix-empty-artifact-publication	941da537db057523c65f54785a598fbf463cd473	402	05ec938097cc61e5b32afa8d0b074684b343dd51	2026-07-20T20:22:48Z
refs/heads/codex/c6-fix-empty-export-files	4df796eb1087934f516af4ea463778aca7558f02	403	bb84df1acabe457650a663dddf46660918895a2f	2026-07-20T20:24:30Z
refs/heads/codex/c6-hash-lifecycle-policy-roots	3a32e3e2e555bc60f3fa204141c1279abbad5eab	432	4b2bc79966c4874b1001c9c7521fd14954935823	2026-07-22T00:51:30Z
refs/heads/codex/c6-installed-controller-distribution	da0f22a0ed2990d3c73e4b0a8cd720825f1a81c8	393	2f8d571233babc5bb22527c1418fa3d1fd56bb20	2026-07-20T10:30:30Z
refs/heads/codex/c6-make-export-root-authority-monotonic	31c2df97ac705c458b295183a2607137a0e8c34c	364	1f22952973f0772027537dd2319aff1893d44533	2026-07-20T05:13:30Z
refs/heads/codex/c6-managed-retire-deletion	ee34e1d53af5ed0b2034e53006fd7533e3f72a08	353	3b45033fb7f29399dca72c874a5f232f94ce6aa5	2026-07-20T01:28:37Z
refs/heads/codex/c6-minimal-export-provider-boundary	c8cdbd4cd0a77d7bca8e6345b9ad6dc0aab302a4	361	eab2f8e28c8ab76196e4e1295aa887a534c56e7b	2026-07-20T04:20:55Z
refs/heads/codex/c6-narrow-release-binding	5be43b3cf7ce052532d90e1e44bba91e02ad6c2d	382	eda3f9297c3c7059f923f4bab06bed84163e97a1	2026-07-20T08:43:36Z
refs/heads/codex/c6-native-provenance-observation	6a5b66fff1570f8d4ec4e04a3b8f781c8c417531	357	2e09eb71216bc5710905752a7939a81d57e5061c	2026-07-20T02:58:59Z
refs/heads/codex/c6-native-provider-host-contract	caad883c72aba12d29b3516e66fd4e5ede738c3a	394	bdeab9da5bd61a49fb5220a32b98a88b8a3bea20	2026-07-20T10:32:29Z
refs/heads/codex/c6-neutral-current-main-boundary	bae7445e40da32d3d4b1ed3a54f5ec61672d72a6	373	988217e098ea9a768627f5a7c900901238014174	2026-07-20T07:27:36Z
refs/heads/codex/c6-nx-lifecycle-check-ratchet	f6ccbc91f14f159d1aa330447b1d5d4d8a075a79	419	75217e16e7a843874d0d541bff8c41da71082ac4	2026-07-22T00:25:31Z
refs/heads/codex/c6-own-artifact-resource-context	5d55c96aabcc72084e7d37513dd36eeef78bbe5b	384	fe4160dd2ce45eea53be172e4a8e230a8c9dcc8f	2026-07-20T08:53:08Z
refs/heads/codex/c6-own-current-main-context	9cb266e0f9684ed24eb24dccecf9ac928e47f039	380	d006a2651df298c7c5d699fc3b090cc3c4d972d4	2026-07-20T08:32:00Z
refs/heads/codex/c6-own-export-artifact-context	6e32d208eb05939f524772850f8bd9d887cabd61	386	0f87a9b42e8970e6857412ca52875da81f41528d	2026-07-20T09:01:18Z
refs/heads/codex/c6-own-release-source-repositories	51c9b6452eed297d1a54b738bd4f6e6d67ec06c2	368	d557cb600423638fbb6a7208fd4af8d7e867c3b9	2026-07-20T06:21:12Z
refs/heads/codex/c6-preserve-claude-marketplace-members	773707ba37669f9d4970bb3ee06e9ae85502478e	407	7a48a6058e8178d9af78089577fe2e2cdeea27cd	2026-07-21T01:52:10Z
refs/heads/codex/c6-preserve-installed-asset-modes	7be2bfc4abfe97f3feb527e8a402a07ae1f039ab	397	04e37f596d03a352a9b6cdb37ee7cdff54b67c28	2026-07-20T11:17:10Z
refs/heads/codex/c6-provider-capsule-retirement	5d20d93099aa0676528a3bc523167fae56a34ff2	352	51a7e72de952b4d004e5f13b9138c4eb27d37a37	2026-07-20T01:23:32Z
refs/heads/codex/c6-provider-root-slot-refusal	b14fc39ec30aaacb731e2238d48af960d818e911	362	8b45156b53d6a72539c8c9b907ce7d1902e3c57e	2026-07-20T04:39:20Z
refs/heads/codex/c6-record-controller-publication	ed9f826a56bdf14d5f1c6f60131650d830b6a779	438	b7a98c567f4519e5d84229fafacd0a4179875c9c	2026-07-22T03:07:53Z
refs/heads/codex/c6-record-final-lifecycle-gates	3211ee4cbd5474a0cf719abf218d4f1a11f3702f	430	8b801329a26e768d5e6b09fc321a3d6c14f9fcdc	2026-07-22T00:47:30Z
refs/heads/codex/c6-record-final-review-gates	41e557b7381d52aca6802fd35343ea1629760cd7	437	86a55a750a3bb28217f6cdb1adb0e3291c3dcf30	2026-07-22T01:01:50Z
refs/heads/codex/c6-record-lifecycle-continuation	05b1aec2fd32371a150ab084fba70896e97427b1	428	9b243591004edc89f9c55c2b68e7caae85221768	2026-07-22T00:43:29Z
refs/heads/codex/c6-refresh-release-input	9ddf679635ec220b30adfebc100471fa1b050485	399	39b0ac6a87aab35bf33d16de24bbfdc1b8c2ea7f	2026-07-20T13:19:44Z
refs/heads/codex/c6-refresh-release-input-cli	ae7c05e21ef7b2c69aca4ec44cbf396e8a7690c7	400	0c93172a49e815ab5a2f6250f41b894a6ff1e8bf	2026-07-20T13:21:46Z
refs/heads/codex/c6-release-binding-proof	251f20e560db11a8c828816988c501f03da50b1c	383	f336d11aed52e571bda3a329d91d6b0c30ae295a	2026-07-20T08:48:52Z
refs/heads/codex/c6-release-input-record	dd6ad50f20ff9b218c645e85bfd5b98e95d0beb8	390	5ecdad06d3a40790942fe3b183b2f1980da4cc93	2026-07-20T10:24:32Z
refs/heads/codex/c6-remove-placeholder-common-layer	2f35cc202822e8e29254d5cb3ba2001b5783c70f	427	f2f7c87743df2d3572950cc7470f19261c7f9c23	2026-07-22T00:41:29Z
refs/heads/codex/c6-rename-controller-evidence-protocol	783b4e79befe03d80ec5a8a491a5d6b3a5a68855	423	a6c91396e5d679b9f0ea520c95b8837c6312ea3a	2026-07-22T00:33:31Z
refs/heads/codex/c6-repository-check-cli	502374d8626a1a203419f3c186f8b3e0953b19dd	350	eae31ab5cd4de2a6ceae47a42ca53bfd20bc42af	2026-07-20T00:13:29Z
refs/heads/codex/c6-repository-check-service	6c42af4c3ec267707e383670fed08c513767be94	349	0606969a2f0da80db0ca8ed19576586ecd05f682	2026-07-20T00:10:29Z
refs/heads/codex/c6-restore-workspace-root-constraint	742a957ad109ce398f3acb5db1751181dfcecf3f	417	18c449c1e8a3e08d6028fc4d73ba24171e6422db	2026-07-22T00:21:31Z
refs/heads/codex/c6-retire-controller-acceptance-harness	c32d3b0e9984de869856acef51136af2b74e11af	359	0d02a9ce970bfbb13fa496bbbe17e7577938345d	2026-07-20T03:44:20Z
refs/heads/codex/c6-retire-legacy-lifecycle-export	70da6ac30b04f2aa29c5d7b780a63c7e19fe18d7	408	2c29ddb85329da4a13cbb20174246b37ad8d7079	2026-07-21T01:53:29Z
refs/heads/codex/c6-retire-stale-devops-command-test	559a79d247f9a7dfb86c999bc6eb1a1874f4cd29	376	930ebe39b8aa378fa0836ff101571fcb104fe8cc	2026-07-20T07:57:27Z
refs/heads/codex/c6-route-governance-service-context	f4afb68c8b095f019ec8584cfe8be45a222b6c89	370	331cac4f2f636791d998899b975b5c1737347234	2026-07-20T06:53:35Z
refs/heads/codex/c6-route-packaging-service-context	61e2d70d1b6d4fd2289cea7e8182afd457eed44d	369	e0523935e1535ba55b27dad4a2481b44f804e0a5	2026-07-20T06:38:44Z
refs/heads/codex/c6-route-provider-runtime-context	e999806edfc712dd728b2bc7b662e146b156b16f	375	b9625206efbd8b89f1f27b0822936c18d7a03219	2026-07-20T07:48:19Z
refs/heads/codex/c6-route-provider-service-context	e8366b51c961f1424478e64df3ebc78af7d2a3ae	371	5ff1d907b369c5114ec73a5dbb123e5265bd8053	2026-07-20T07:06:00Z
refs/heads/codex/c6-route-release-service-context	4678cd614875945277d184732a5b243522386fc4	367	6baae3d6eecc1d6536d85916489291d99945afa0	2026-07-20T06:04:30Z
refs/heads/codex/c6-route-vendor-service-context	252eec8f853e6aa0b07e88ff717ae314f2d640a1	366	2a076d42cce7650516e7808c8dbe7ca7554dd62c	2026-07-20T05:49:52Z
refs/heads/codex/c6-scope-native-hook-claims	bd02926cc821354ee5afc986f0f3875bde4d33a1	405	fa9d3f12783b0c7bee25f92578d10ad55ae29864	2026-07-20T22:58:30Z
refs/heads/codex/c6-serialize-cli-test-target	54472c53173137f41b027ff06bfdd7075386ea15	377	0d69c9de879e98198b9aea1f7eefe9bb280b6c7b	2026-07-20T08:06:41Z
refs/heads/codex/c6-serialize-lifecycle-test-target	03f7dc97a4662f9cf05e503bae1932f974f86817	388	034b4a6fb9af4593264302aeb97a90ebba70a339	2026-07-20T09:05:19Z
refs/heads/codex/c6-stabilize-content-evidence	5e5f73f88456a3b37d039c44d2c3a3ec8ac16ee9	409	ad8309af2f261de3ef49ab8b54425a8374d540ec	2026-07-21T03:40:27Z
refs/heads/codex/c6-stabilize-session-index-manifest	6124ed5a9fd4c58b6a66d75d278199b416d052d0	404	b7b6524db818d7119340f2afc572a1159c708785	2026-07-20T21:09:48Z
refs/heads/codex/c6-stable-disposable-marketplace	8530c3f16011f6faf618affd3575ef63c1cdd514	817	3c8f6aa8c35f24b141a46334dccb7fe07603c825	2026-08-05T14:42:41Z
refs/heads/codex/c6-staged-git-observation	cd977ca42ab34b569922f8cecded9fb9f9bbba90	348	48b8430657c7bf335c3b7d44efaf3b1365e59ac8	2026-07-20T00:08:43Z
refs/heads/codex/c6-standard-release-verification-terms	fd5ca14321bc4b9ce1cc2c077f595874482d3180	420	8ed99b9b5f178fad94127d8df920840a5708a038	2026-07-22T00:27:29Z
refs/heads/codex/c6-standard-retention-result	f5cf5c135c775cf2933be7f759b23a05032612a2	424	51146946dbec73174336472bef210b135813ae5a	2026-07-22T00:35:33Z
refs/heads/codex/c6-strengthen-lifecycle-ratchet	f41a921198b57b00dc77ac4f07f92a08fef5848f	421	427c816642c936852a9d4d965cb548f7fb5db279	2026-07-22T00:29:31Z
refs/heads/codex/c6-template-submission-readiness	a72977c52e0a23f5614813a561d80e2a3ec01726	389	5b588ae624d9e7f13c7db7beddeb4996aa50cae8	2026-07-20T09:06:28Z
refs/heads/codex/c6-typebox-canonical-status-input	f21c5d25f94a46b078e3a4d71212ba2cd6356df7	415	ab22db2b08d91400a4022fa1b59eeddd137a8315	2026-07-22T00:17:33Z
refs/heads/codex/c6-typebox-canonical-sync-input	d2d9d83c13781ebef152bb7f0f382a2fe4b86713	416	3cc4fc54942220f0d58d4a9731dfc4969aee8970	2026-07-22T00:19:43Z
refs/heads/codex/c6-typebox-complete-test-input	6be3a8dd4eda84ce88587ab30f24354525ba4efe	413	90b69dfd5e43d8e0c34b29c4cac7f7ae7f9f5a85	2026-07-22T00:13:32Z
refs/heads/codex/c6-typebox-current-main-contracts	379db568a84c3a9a3991554b4a2034edfa18ba46	412	4cd9ab30b63f7afdc2d45aed8ca6694ede729c72	2026-07-22T00:11:29Z
refs/heads/codex/c6-typebox-lifecycle-contracts	f1156354fbb5198eb66d3cad3ac634f2ed351bf5	411	b264c275e88fda5a660266f16875544e2c53e5ea	2026-07-22T00:09:53Z
refs/heads/codex/c6-typebox-packaging-contracts	fcbb46c0ba385ae30a88d092daa1d898b7f9eb2b	425	dec3665bb71f2c0410df0df0cc4184b5fcff1262	2026-07-22T00:37:31Z
refs/heads/codex/c6-typebox-provider-target-codec	bc3317498e77fc7a3c8f9c0314f9d8d609394443	418	7fbb76c14affcb357cd35c0cd18d7a069a66020c	2026-07-22T00:23:31Z
refs/heads/codex/c6-typebox-release-contracts	096772bd324d95cca720f7c6751e8519251cc498	429	49db0c17aa35f5ef4c558956cca4d20ad6768e66	2026-07-22T00:45:33Z
refs/heads/codex/c6-typebox-release-input	16f15e3fbc03c4c7e5d6c87384573412ef39a625	398	1518d5d0dcea6d65da4cff91cf62d0d0d7cf817b	2026-07-20T13:15:03Z
refs/heads/codex/c6-typebox-targeted-test-input	a6ad345dd9d498df4f0c1d2ede5bfccfea0e247e	414	1d42210e7d1bba02ba0e003edd1f84776b58955e	2026-07-22T00:15:29Z
refs/heads/codex/c6-typebox-vendor-contracts	3f62873cbc242fb6afee70a086324357e1e95310	426	6b01abd7594fd61204ac3fdd0f9ac3e499e3aaec	2026-07-22T00:39:34Z
refs/heads/codex/c6-verified-provider-binding	873fab9eda29c3374a9b50eb3d3ea388d56728c1	392	d140ba6cd3d32c99f74329ba285fb9ec32e3df80	2026-07-20T10:28:29Z
refs/heads/codex/cache-required-ci	0350611820cd0748c941ddc94f059e7db6fa16c7	523	82cae35770c5809f5ce6e5c5789d5412ff0cd181	2026-07-24T06:31:17Z
refs/heads/codex/categorize-dev-service-proof	83867c390d85d17931481c0063c7da14f8764753	704	84f7d72032df50766e14814a227d8b22cd23959c	2026-07-30T23:13:59Z
refs/heads/codex/categorize-hq-ops-service-proof	8c88a733445c692622bac28b12432af01474d587	705	351869f87faf1802873974a258c15ce9468eb6e2	2026-07-31T01:21:05Z
refs/heads/codex/chatgpt-corpus-bun-types	8c4c13e05e41b295155c5fa2e8a442cba645a41d	329	32950a86374bfeb60433dc0270b27163c9a63fac	2026-06-23T23:08:55Z
refs/heads/codex/clarify-habitat-definition-activation	d7884bd92d3139aa0279239cc0f04d7a4f42cf87	719	c8ee3077563d2754f127644165822f8b4678e653	2026-07-31T20:40:06Z
refs/heads/codex/clarify-habitat-nx-release-transport	22eaae13f59a5fdc20cd76bdc97c40836a6bef9b	743	78642f02298f533896f2ade1b683e997af11e19f	2026-08-01T07:53:18Z
refs/heads/codex/clarify-lifecycle-cohesion	de0b461ec20ed9b8095859cc0fdc5d7a70708c97	674	2ec3aa6fddcd0e345ae996b8971da98b5d9d6882	2026-07-30T07:54:50Z
refs/heads/codex/classify-habitat-platform-overlays	3c58db1050fc84b5d40e2c1891565504296459ba	827	3fffcfe3e51eab4b4a5796a82de89a6b766fb8d8	2026-08-05T23:33:30Z
refs/heads/codex/classify-habitat-runtime-inventory	23f8b3bb76af82ef1f108085099c5bc0d05cc14e	883	a2c1178f89b9ffe95e4bc69e8a1c9a131e3cfb0f	2026-08-07T05:22:01Z
refs/heads/codex/clean-service-blueprint	592bb8a077eb2b2110e85f9496e10d6e4c60c4d6	897	c0ebd800a45e4afb682e6669d037931eb62092c2	2026-08-07T15:43:55Z
refs/heads/codex/cleanup-legacy-skill-projections	f93ef38b90f945d8413f49c8c06c1e518c5bf9bc	331	4daa77b1904212d13f50bf6af0c88b4cc96a1ad7	2026-06-28T19:30:29Z
refs/heads/codex/close-cli-authority-guidance	27a41c8d8369b1277d5512fde18207028b6814dd	647	20e6256fa69e0b68cc72efcb8312e170f358c755	2026-07-29T04:21:30Z
refs/heads/codex/close-contract-error-shorthand-law	9088a029be84f5d18ee791124a5bbd79c636cc08	794	fc81879b72b1fc9d9b485e8d8afa0ffe27df1ca8	2026-08-05T01:40:29Z
refs/heads/codex/close-example-todo-law-review	56575fb24cbd89bb6b320e636e9f06610e1c1b67	688	c14ae81264fb296655fcd3e1b2677609e042dd2c	2026-07-30T15:13:04Z
refs/heads/codex/close-habitat-boundary-migration	f4bd8c03389832b6b7c818dfabbcf73500d4b0f2	720	18af6329d3ac935de3a6dd971ba974dc94f1eb66	2026-07-31T21:01:11Z
refs/heads/codex/close-habitat-shared-blueprints	bf6229eb2d491623ed3cd442cf105ba8ad1840ec	833	cf4b361c9bf326604db4079a0d4bcb610145ca3d	2026-08-06T02:26:57Z
refs/heads/codex/close-hq-ops-config-module	4b64fc442fed966dda3c47699008d506c99db2c8	707	ffba6ba1b1d20a891669d0df739272a7f7d0545b	2026-07-31T02:14:17Z
refs/heads/codex/close-hq-ops-journal-module	c4d81b060b4c7ffb5d08873f77aee2d361c31d2f	708	58e005878d4ca69bbeaafc1f5cca990c941a1643	2026-07-31T03:53:30Z
refs/heads/codex/close-hq-ops-root-model	0e2d7fae93f9052b6f28f5ddb600baa3cccc53c7	706	b1829312599d47465e37b236c984b04f9b073537	2026-07-31T01:39:48Z
refs/heads/codex/close-lifecycle-admission-boundary	1ff4eea30d98fd996901a9818f4e2b23c46c6354	680	f71620696d3cec7233ce5e46c24103a6e805700d	2026-07-30T10:20:32Z
refs/heads/codex/close-lifecycle-context-funnel-record	12b353d4967355eeeaf638a8b2a5c6aa9403081e	670	d59c366e6d21bbbb2584cdb7b0d6582072928db0	2026-07-30T04:30:54Z
refs/heads/codex/close-lifecycle-landing-record	6e617356f50c7ca926d572e213e1cdea32bf0d45	810	b0a3c44502e39d1ef0914011f73b036a606e530b	2026-08-05T02:49:30Z
refs/heads/codex/close-lifecycle-model-topology	0b0d78aa8cdd58bc3c88018201152d757471a0ca	781	520e3062b907b6bdb7c46c2c03ed739bf391b7ae	2026-08-03T03:36:17Z
refs/heads/codex/close-lifecycle-typebox-authority	13ad8f117f8c747232693f6eb347015c14a5e3ea	667	6564e09159437080bdce88b28ac86a6779aa20ec	2026-07-30T03:23:58Z
refs/heads/codex/close-service-construction-laws	682f437aa66a985a9adf6f1ea59562d00a65f7ac	783	ee006e8362d55a08f6535ef16d74d449bedf11af	2026-08-03T12:52:49Z
refs/heads/codex/close-service-schema-publication	7ecd3965e6f0bf4d353d96b4f2df613871f132b1	798	6e760bce12b367540c224c7b5f2e793e9631a457	2026-08-05T01:49:30Z
refs/heads/codex/close-service-self-imports	2b0fb125a043fb7d6f63535d00c4da405fc76b00	791	4a9440b0085a0dcfdf9194ade4c2eaddd7724312	2026-08-05T01:31:28Z
refs/heads/codex/collapse-ci-critical-path	699ccb708406e8e8fbd57561251cebf2acee2710	690	136b90556e55745a9e95604c2179c5c8be13ab79	2026-07-30T17:47:53Z
refs/heads/codex/collapse-rawr-controller	6738d56505e89a33ed81179fcef0652b06f2e979	774	ce167475897e262d58cd602c20b3b85154f57d31	2026-08-02T10:17:19Z
refs/heads/codex/complete-habitat-release-acceptance	de9c1d62dfe58942a038ba9e4720c94fd247cdbd	806	d34acff05025321f69c2460fa6b7342240373e00	2026-08-03T16:00:42Z
refs/heads/codex/consume-habitat-0-4-1	7d42a3026b0b9a1e350b8020c6d510087ae5af51	809	833064559ee502b5d213fe454fe7cd77cc1f5f4b	2026-08-04T22:46:58Z
refs/heads/codex/consume-habitat-0-5-0	293d1762d463271209020287301a2f8beef6060c	830	0f61751cbab8ba41c0fbbe0b12fb4a3129cc7b58	2026-08-06T02:08:43Z
refs/heads/codex/consume-habitat-0-5-2	d374aeeb408c79d31709385e18dabaea7ff43401	838	c3e57608e2009d0d36ec09e2a1561349bdc4aa81	2026-08-06T04:48:02Z
refs/heads/codex/consume-habitat-cli-0-2-4	42dd211d88c7cfdecf3c2bf717f7fd55c1f7d051	764	1b86282c61c8e222a3d424fcd33031ebc4ec6e90	2026-08-02T07:47:29Z
refs/heads/codex/consume-habitat-cli-0-3-0	5e6bf2de57b9764167007849096f7d7c06a367d4	770	220c7583f4124b0c92e96a06153fb2e2982d34eb	2026-08-02T09:34:48Z
refs/heads/codex/consume-habitat-cli-v0-1-0	371b106de8cd5bc2c3bc900220f0a43a3b4f6f39	689	407ab0453f0a9802f22103980e9b5011d54c52e6	2026-07-30T17:00:28Z
refs/heads/codex/correct-app-runtime-authority	957fcf6366be7831ff8936cfb84397a155be9293	882	7457505fc5dc068c1ff80a06ca78f713ebe3a954	2026-08-07T03:41:11Z
refs/heads/codex/correct-habitat-release-guidance	5d2cc14067de43f6c323c3cd6632edd6171d9b4b	801	093334ff22f47ce864e15b87dd6ca01b1ba0fb0b	2026-08-05T01:51:30Z
refs/heads/codex/correct-runtime-prerequisite-record	213b84a5bde2d269ec995b773599676654af6883	683	101d8f05a3db63b119e838ebb37adbdb803d2746	2026-07-30T10:43:28Z
refs/heads/codex/curate-hq-ops-module-context	b1c3f40cb579c6126457763325f6812fd15ee585	615	2d8293eb8c7767fa0bfd3aef11a508417aad56c9	2026-07-28T06:05:34Z
refs/heads/codex/curate-lifecycle-module-context	7f2947fc12ad5ecc206b3abc82fdc5705ec89e57	614	d01055086ccf77143ee052ab3e44451c8a4f9280	2026-07-28T01:02:40Z
refs/heads/codex/cutover-habitat-command-readers	9ea34fab1e466eb90cadbb2db6968bfa6112254b	903	7a7e67a3bda7d4948dcbba1dee131a1588ccd627	2026-08-08T14:39:21Z
refs/heads/codex/cutover-habitat-consumer-0-2-3	f821148757659273aee85f7de1aca8e1b9e06fa0	758	b040e316d7089890d4e59c52af93ea2f9a4b08cc	2026-08-02T05:23:04Z
refs/heads/codex/define-imported-export-jsdoc-law	9491d42626e98ce47e492e2131e875dde20c0c2c	537	5e7d453d4f96c49e11dfb56a8a80ef896503a59a	2026-07-25T07:03:28Z
refs/heads/codex/define-service-database-boundary	631a024744a23964773c11dd59372e36502d43a6	604	861e733731c786250605002a8d1f03b64fc8d684	2026-07-27T19:35:38Z
refs/heads/codex/delete-complete-set-record-parsers	3b1fd56ed978b4a16ec8d7afe9d4b17cc2200393	677	6530ac892c3d1276fac9987992c534f5998b6e4d	2026-07-30T08:51:50Z
refs/heads/codex/delete-current-main-facade	ae41de5b090a6835677d88cc87d0f7a9b0c09740	566	2ade9b5ddfd5f551348ca6c4dfcaacd173601aa3	2026-07-26T20:05:57Z
refs/heads/codex/delete-current-main-record-parser	f8c42ae669a5b927c7a11004e2b1a3ef7fb448b7	671	96f4678b728f2a197761995c0278bd78c6920874	2026-07-30T04:53:08Z
refs/heads/codex/delete-individual-release-record-parsers	c7a7885a19455a0339d80bbf2ed3213eccf78620	676	3f71840c1502e3b80180e60442ff76e9db802c98	2026-07-30T08:25:44Z
refs/heads/codex/delete-ownership-record-parser	eef369fd4bd1c1fad20a509bbbbee8f8cfb9fc08	675	95168336530855c69cf7fa62e86bf489b6d83796	2026-07-30T08:04:36Z
refs/heads/codex/delete-payload-record-parsers	9f00f905e0cdb7be08a1f332513442e01b511d57	672	e8f2c406c58c89f2f02e657b4a24dbbe89034e0e	2026-07-30T05:33:28Z
refs/heads/codex/delete-release-input-record-parsers	cee1d2c491ac2c7f834b63aaba681277f2951490	673	58657cb438e43fb299d3f29418f86eb5ecbfc686	2026-07-30T06:12:26Z
refs/heads/codex/derive-current-main-git-from-typebox	5d415e4e84203e72d235999260a1dd3bd4b43cdb	669	bcb8d7ac53acd414126e4fede75cd11357d4a98a	2026-07-30T04:19:02Z
refs/heads/codex/derive-service-middleware-from-base	b08df0f8f1f35555ab0c255c62534a7e7896f968	632	913da692870329c0ea1d57d632708e45b6933b3e	2026-07-28T19:00:42Z
refs/heads/codex/detach-example-todo-contract-authority	08e5cc79ea09b17ec9bdbfa3abc6a149134b368b	620	adf8876a1911f706746daa019ec5456e8c58b313	2026-07-28T10:34:32Z
refs/heads/codex/dev-mechanics-capabilities	977bf699f88061849dc5e8f18a8d9559e0d462df	697	e16d6eec1817827f2d4758888c5d6d6c04a060f9	2026-07-30T20:34:37Z
refs/heads/codex/dev-model-boundary	c59f3af90f70ee22e33fb500ca9e95d846d79610	696	9b365a6d1d269c1e2c711f29cacff9242dbcbf9d	2026-07-30T20:14:24Z
refs/heads/codex/dev-module-context	456bc95efbb589398d913913ca61d7bdf9baea55	698	6de8e9845fb0d393763bd4f49cff62113af483ff	2026-07-30T20:50:44Z
refs/heads/codex/dev-procedure-metadata-policy	f249a6796dc740cba51d6aaf9a70b2cf94dc3db1	695	bb9967cf6426fb999d2403b9ee7cc1ab99aa3ed7	2026-07-30T19:38:32Z
refs/heads/codex/dev-repo-topology	6dae402b144cc5ef355d90129668a44bef75d91b	701	1d1bcac1f6ed14c7d8a66de9b9e57995e70fbe06	2026-07-30T21:47:02Z
refs/heads/codex/dev-scratch-policy-topology	b4200b0c4e390bbe09ffd23b7dcbb4ced139fe98	699	c1d15e3f4486147867935dfa906e220b5bab105b	2026-07-30T21:10:30Z
refs/heads/codex/dev-stack-observation-authority	c03383cd8b6c015e2e7ed85d75aa98c8715bef26	703	a77a5408d8c4cc671173b65ceb32864f6b7495c4	2026-07-30T22:45:38Z
refs/heads/codex/dev-stack-topology	3708befffc3389edacbb5138163b6427b0337fca	702	dbad7a452ad86581d49681300021b549974c7553	2026-07-30T22:17:57Z
refs/heads/codex/dev-worktree-topology	eb5f6e757d90da519ab2ed1f0e8b02025fbad5c5	700	0f37b9ecbc6ac73e8667e343da45a07c31ee810e	2026-07-30T21:28:05Z
refs/heads/codex/enforce-agent-context-routers	976077df5b0bf5cc81ec5892a03f5ae525ccbfd2	536	09d8ed66e3e2e53fb3990fcdd5e6022470a9076f	2026-07-25T07:01:30Z
refs/heads/codex/enforce-agent-workflow-authority	8225b9b58d1b62e88a994ce6971deb029404d1b2	540	b640c2966b04d94d6af03961ff3cdcd22c41f13d	2026-07-26T00:05:08Z
refs/heads/codex/enforce-lifecycle-platform-independence	8cac978bcd9082356325722554d606f34c4d6a31	595	728a6a1896f960b119ca60f0c8e64651c463ae17	2026-07-27T13:22:55Z
refs/heads/codex/enforce-module-router-authority	95d5dfe9167c0f7287d034471797ad553ce4b3f9	635	1999754fd1688308a71cadd835413126475480c5	2026-07-29T00:05:01Z
refs/heads/codex/enforce-resource-provider-boundaries	26dbc9a5943637ed67b5b710889246f1aaefcb35	557	845d96df795e0b94918b0def5bf1da005643bdb9	2026-07-26T11:00:44Z
refs/heads/codex/enforce-service-context-funnel	9b8128df6b3191b8c855f230f3b4ccfa5f9bbc0a	534	87e77b66b8fae687ddf7513a464f0b59d5858273	2026-07-25T06:51:31Z
refs/heads/codex/example-todo-service-database	c6ed462bf25c20adde27013a9e6c05a9bccf6cf7	611	f2d881efe5b5db38b347544e4ef537acc7f10bc1	2026-07-27T23:49:29Z
refs/heads/codex/extract-versioned-content-resource	0c9ee957ecd1b2aaa56d99d7420b046bec962829	558	b5ef00851f2c4320aca35fcacb6d3627a9566d96	2026-07-26T12:34:37Z
refs/heads/codex/finalize-habitat-foundation	1089b7847b58a7e359f76e7a0e14462fd20e332e	899	c946a4c0b7c1480f86be0a281e8e8fbc748c0ab7	2026-08-08T13:15:29Z
refs/heads/codex/fix-contract-error-data-authority	4a4a8a2019bb6f38d19456984215dc5913c3ed5e	686	b655cb300643e59774b6af19ffdafe0400c35b1a	2026-07-30T15:02:20Z
refs/heads/codex/fix-habitat-cli-json-output	1b19d4b2d7cde10e1ad5857580802917161be738	760	ce5fa57ff1eca08ad32634fa6bc0e7055bdd6233	2026-08-02T06:07:11Z
refs/heads/codex/fix-habitat-documentation-input	c7021c5123d7147411a1d8d27b02407e5c4807ce	612	b7afd7643b4fdfe94aa64b9a95e6219d66e9a383	2026-07-27T23:53:28Z
refs/heads/codex/fix-habitat-node-projection	e2f338dfa688908177bcd79a1d592380b8508eff	754	23d8322428db07cba91ef1a604348aaddc8614cc	2026-08-02T04:13:40Z
refs/heads/codex/fix-habitat-npm12-pack-admission	41cc952bd13f7aad67e0aa1a72ff11a87acbf169	779	41f77a60ad817fb81d584325230675930225972c	2026-08-02T21:35:29Z
refs/heads/codex/fix-habitat-nx-runtime-input	82c4089db4b39feb750e9948a5ae1ea1d4f9924f	831	0ae908431d4aa70ec0dd013114960e4b0eef05c3	2026-08-06T00:46:30Z
refs/heads/codex/fix-habitat-self-hosted-inputs	8f9cc2be0e1a1a868eb37d7a59bb103fbae475c8	756	fddbd9d535fe79d47c98afeee37d31f1c636b58f	2026-08-02T04:43:47Z
refs/heads/codex/fix-oclif-installed-path-isolation	b59b47b8744360439d7733027a97d70ba9046d25	685	c3a4941da9a48730c28ea380c997d762a1a4d785	2026-07-30T14:00:57Z
refs/heads/codex/fix-rawr-nx-json-args	97d4396df81806eb1f496dd19bb07f8106a05fa9	816	f1485d9b1daae507c959fc80d73ecb5f45500d6f	2026-08-05T08:44:37Z
refs/heads/codex/fix-service-proof-root-resolution	35219157beea07f163d1d958923717918d254737	639	80173230ae8ff375c341645d55ad0a93a967faa9	2026-07-29T02:17:46Z
refs/heads/codex/fix-vendor-repository-locator	4e5b0c628afabfe15732d8ea6d450a5caaec1fa7	684	f7f546867f3507b6ab60ee3e14a6fa968be32b5e	2026-07-30T12:37:29Z
refs/heads/codex/frame-grit-json-output	5e9560cf6e8d070b45406e0fd61cdfbb417d66fa	805	1cfc910a68260301693025d9e2e81314843328d0	2026-08-03T15:27:59Z
refs/heads/codex/frame-habitat-check-performance	9541cb8486cf690c99221d2d3f379683cceea982	834	176e4037f8e4a8863b6fe1aee57c4538930d5e6e	2026-08-06T02:47:00Z
refs/heads/codex/gate-a-foundation-producer	a6501893ea7200acfda6111b93b1d8a18a9067c2	901	98f34ca4c931a5e0fa4868825f86709ade603633	2026-08-08T13:21:30Z
refs/heads/codex/gate-nx-release-publication	7e7a05308ad809cec59db2d5820b31dd0e368496	665	aa9e69dab158c4b71f051ea3fb42c595c2ec5a05	2026-07-30T02:10:38Z
refs/heads/codex/habitat-bun-consumer-boundary	59bde76bc63e7a4b2abd3963528b02a5332097bd	889	4db47338d2e0b534b2d742d7dc558866b87d471e	2026-08-07T10:52:45Z
refs/heads/codex/habitat-cli-sdk-release	57d46b00b3b62a19272ce42ea922c9e1305463f0	888	96371edb1fd3c21c81cbea5678935954c34402c0	2026-08-07T10:13:44Z
refs/heads/codex/habitat-cli-sdk-release-0-5-3	0bb97edae08da9ea88375f87ed5f92a79fc3d327	891	ce64b0abf0af627d588999c0bd6c3b1859b726c6	2026-08-07T11:43:00Z
refs/heads/codex/habitat-cli-sdk-release-0-5-3-clean	025effaac162f18910abd864be4618952ea5c600	892	805f3f5cf82856b0d1e6031c6bf4153812379bcb	2026-08-07T11:57:44Z
refs/heads/codex/habitat-cli-sdk-release-0-5-4	0bfc8c3ff1bb550d59a020689be9c6853054e3b4	893	4c9d25a012e66636e8847c619ce8d8e45ca53954	2026-08-07T12:18:06Z
refs/heads/codex/habitat-cli-sdk-release-0-5-5	3c6f2bb8238a0932e5f4f28ade71edadcdbfffcb	894	9e0abc792e8a9bcb564c5f48625fa65a8e964e0d	2026-08-07T12:50:10Z
refs/heads/codex/habitat-consumer-husky-cutover	c2012677ef659d5bb42121f2d4cbf2963b07aa74	815	db083619d68e140b7075f1c9e65737eee164fca6	2026-08-05T07:51:14Z
refs/heads/codex/habitat-core-intake	cd4bb6fcb5e68abfb22db9574acae82aeca2ee3f	710	53184506445dd2155687b0d89e843e1e10331a4b	2026-07-31T09:08:29Z
refs/heads/codex/habitat-first-registry-settlement	81c05127fe0670d65d6f4bbc353ecad665dd068c	746	137b1aa48a8711deba72fb6765b2c94f7ddae2a9	2026-08-01T19:48:40Z
refs/heads/codex/habitat-fresh-observation-proof	3806875b781cd9dfc38cee2f3d3376f20b8e711f	718	f40f9716d64f11249a6236c78f1a1fe65ab37594	2026-07-31T20:11:32Z
refs/heads/codex/habitat-grit-provider-correction	92eddfae12d1aa7d778f962451a2251eaa251760	890	f593a9abda854898cb5e5094a7456b65f43b32de	2026-08-07T11:07:50Z
refs/heads/codex/habitat-husky-consumer-hooks	3be07dee9120d2686f77a93e87c96b1e6fc6f745	812	b3d3255b5e3fd9558f0f2e836bcc2faca74d1bb4	2026-08-05T06:24:29Z
refs/heads/codex/habitat-live-structure-reconciliation	8e972a5e42726873852c0ceeca07984b67da881b	717	aca90092b4b02d9024307cf34384f9ede53a6638	2026-07-31T20:07:27Z
refs/heads/codex/habitat-native-compatibility-execution	451b1d33b37e2e155ed7e8b779bb67e941ff1bd5	747	f2aae9313ca7017044efe4feba5009c8778da6e8	2026-08-01T20:14:11Z
refs/heads/codex/habitat-native-compatibility-service	b9d637f8e740f090a014dbdc60609ea8f8947c04	748	0107f9089a687e03793fa6208603b2c95940c6a6	2026-08-01T21:37:40Z
refs/heads/codex/habitat-native-structure-evaluation	c939af7b248464aad050dcda0e2594cdaccd04a3	716	28d70ed29547f07e20d0f57ee12f41ac66efa673	2026-07-31T19:56:27Z
refs/heads/codex/habitat-nx-cache-scope	eef4b8d78a5b271725e23ff1d7a20cc718bf1cd1	723	9f2579fda4e8e0d8fcb6e5a3c02c4d17f42b8ad8	2026-07-31T22:27:54Z
refs/heads/codex/habitat-nx-projection	a875912bfab12350314ed507efff7b1ff3a66c5c	722	0ae9cf2dae4e8740e039c5efdb19d1c03e6ed997	2026-07-31T22:17:52Z
refs/heads/codex/habitat-nx-restore-scoped-cache	c3d0a3e1686ade2b9abc9cf1c2b487c1cdbb3ca8	725	ff1b177ba4b2b59045c48271bd0e46f663b4dea2	2026-07-31T22:47:47Z
refs/heads/codex/habitat-oclif-projection	3657b2ab942dcdd6346e535c350476404ce981da	721	ea9b80e5782569e54abbac116b827e7a9bed179e	2026-07-31T21:30:57Z
refs/heads/codex/habitat-package-catalog	5e9027035d2b01c924b5915005bbe4362de4f37e	822	44eeb32ad6c89869dfa6c13faa835b66e992b38b	2026-08-05T23:21:29Z
refs/heads/codex/habitat-package-shared-law	dea95b91d5f4dc9f3c72b36b1ce19f187a3974ef	824	d5bd0559ac1a4c900cbf40b1b300cd1cb9aca2da	2026-08-05T23:24:29Z
refs/heads/codex/habitat-product-blueprints	18991f933cf2bdd6c654082b7f81f2fd28182e93	711	4e491431a3ebddcf9b36513d6cec53ec24401b7d	2026-07-31T20:33:18Z
refs/heads/codex/habitat-registry-verification-retry	ceabccaa3c62a4e2b53e8a4e209f3ffa61b237e8	814	b8dc496cb5027557dc39503827e17c38b36266af	2026-08-05T07:15:15Z
refs/heads/codex/habitat-repository-preset	201a7270cc2511b94b2b4194fe9b44fd803d896c	887	c19efa0d34d2e32dc55e8258d1bc914548ee6bf6	2026-08-07T09:22:06Z
refs/heads/codex/habitat-rule-evaluation-resource	b5151dc2bce31b98f5fab280a1c1c93b944da6a1	712	95f54f1e46025bc3c8a47ad7a172d92f5d59a783	2026-07-31T10:06:09Z
refs/heads/codex/habitat-sdk-cli-release	3f80c00f5f14c1c91341ab396c6084d8b11a7636	778	950cba6af559c727b03d23502fec572a878b59be	2026-08-02T21:03:27Z
refs/heads/codex/habitat-service-authority-catalog	8c4f3ff6d87e6ce783531c96a076849b3b12323f	713	000d02f44e3dfc2b308bed9c8f6864a2b11112fa	2026-07-31T11:54:29Z
refs/heads/codex/habitat-service-project-root	4ef50dcbce58e2d498fa8748b3fb4a7051f7dd0d	825	a11c21e9a4ff501a4faee23168bd8aac30c3def1	2026-08-05T23:27:29Z
refs/heads/codex/habitat-service-rule-check	e4b6d65506235f78dd367ef27f4728b2d2925fad	714	ffbab8219c3ac6d06dbed9f7c377ca79aa743fd1	2026-07-31T12:53:14Z
refs/heads/codex/habitat-shared-law-proof	1a395b477c7c60eadec14b7b70f2ffc31d004710	826	c6047103b3cd7d5c153865672b55c7eed8d79ef7	2026-08-05T23:30:28Z
refs/heads/codex/habitat-source-inventory-resource	a60a26bd42aec2b48ae55e8fa1092aa95bf2eb1d	715	a47f1ae243ae5564c1202f93b86f0db268db828a	2026-07-31T18:41:21Z
refs/heads/codex/initialize-habitat-consumers	a2b92900ea0614b8e9b58dab90621ec6f2177372	735	361b7127882776b9c3136c8c4e2834291c7102cb	2026-08-01T04:57:23Z
refs/heads/codex/lifecycle-service-construction-spine	336d5d50627c8331baf2af9aa28eb4ec3c5dab3b	517	7028c3676f514bd2949c380775db71dc37a5c3be	2026-07-24T02:19:39Z
refs/heads/codex/lifecycle-shared-current-main	8356af5283b8e055007b5cb3b7a07480631fd7f1	521	c12824a71cbca13a038a251d4bd58eb1e20122b8	2026-07-24T05:03:30Z
refs/heads/codex/localize-cowork-packaging-policy	8fbf85dfd73343e1752265fe4758910651bcd6a8	568	8e9f80df64e6fa3b9aa09b16a45d73c3b92a2618	2026-07-26T20:51:23Z
refs/heads/codex/localize-lifecycle-metadata-policy	31604dc381ff157941ddb7c4cb62609026571266	631	d20bbb19d976abd025b5d665afcaa420d64ae585	2026-07-28T18:31:49Z
refs/heads/codex/localize-packaging-content-workspace	508edc00b34272cfde23f50f5385d444685edd9a	570	82cce6a3bccda01ab8e498d1a8545405ebc00f66	2026-07-26T21:58:41Z
refs/heads/codex/localize-provider-selected-content	7d753bfb4bd2ce95b746e39b389a37ea8776ac31	544	f477cd93a3142329da90bbe3f3483c0b54fd7874	2026-07-26T02:44:14Z
refs/heads/codex/localize-release-content-workspace	6d14b29fa0f00ec1c8a9487bccf7da84470929d5	569	14bbb6102422c7922f5e708d9aad6cb85de58d4b	2026-07-26T21:32:36Z
refs/heads/codex/localize-staged-content-observation	10e9999bdbd35159ba34a0d397568e9b7f435d01	543	8f2c16ed6562ca5e3958e311eb53fe19f9e24ef3	2026-07-26T02:07:38Z
refs/heads/codex/localize-vendor-clock-port	a9a504857a0ff6782430f4b36ff2b868190d735c	630	5d9b9a9d341535bb241491a6aa0741c1103b7e7a	2026-07-28T18:19:19Z
refs/heads/codex/make-required-ci-proportional	ba25fb11da81393bb5ec9b73f6bca664e0732740	733	d4c1f8a25f8aa92f6b0d9ffcdf287a6c80e48ca2	2026-08-01T03:37:29Z
refs/heads/codex/materialize-disposable-provider-marketplace	17eb94797f9c0f62bef0711bcb191d0ca9612cdd	597	210cd83527342baf886c8569d5bf6d54ed32b8b6	2026-07-27T15:27:02Z
refs/heads/codex/migrate-example-todo-service-law	f680a8916fa8bc1133de46d07fa93279be46e045	687	21f323a6aa4aa059c766db39714a3e32c6b8585c	2026-07-30T15:07:37Z
refs/heads/codex/migrate-governance-router-authority	6f56f9e973d7d1e87c726930ce01443537f32172	660	4c3fd42e5a87b559ce78cdedc7034bd96d48ee8c	2026-07-29T22:55:30Z
refs/heads/codex/migrate-lifecycle-governance-module	4c8f8dc557ef76e0f8904a57fd1d36b253cc37d8	636	fdde6aee7ea153b8de4e88453e047b656b298ecf	2026-07-29T00:20:53Z
refs/heads/codex/migrate-lifecycle-packaging-module	b77809e36f2c235c036355521c93b188dbfa96dc	638	216e065bca34bdfdae5f0c17a9763fae0d6a8b0e	2026-07-29T01:34:25Z
refs/heads/codex/migrate-lifecycle-providers-module	3c4d608d0b8af4384175a2faf803f4add5671fdf	640	1fd59fc1c8f7e5bce7dcb6e40f18664d8f34f7fe	2026-07-29T02:25:04Z
refs/heads/codex/migrate-lifecycle-releases-module	5e66605652663d7259844e63869b4fffa33ed80a	637	0f545c5b6d5b5327ae765221d49d34e4aa8f2af3	2026-07-29T00:41:37Z
refs/heads/codex/migrate-lifecycle-vendors-module	111780bb5f979c42a067d81d45fa9255996f4794	641	4dae7cdbf24f3c6da29aca70a25fd2451c24e380	2026-07-29T02:45:58Z
refs/heads/codex/migrate-packaging-router-authority	e848ebe0b61f75ef8b576e1492b26b177282f850	661	9f872d70b524af2404792a628c32fc71f009fa12	2026-07-29T23:11:03Z
refs/heads/codex/migrate-providers-router-authority	74eb08f272c73aa0041f402e4b34fed956b948aa	663	7dbbe5e45705d645969eca422aa3fce9c28cbdec	2026-07-30T00:25:01Z
refs/heads/codex/migrate-releases-router-authority	d71dfeae34cf48490373519b5c247582cfffc860	664	4f49ebbf3378bbddc2251ce734d032ab6e4285db	2026-07-30T01:40:08Z
refs/heads/codex/migrate-vendors-router-authority	774b1839bc01bd5c0352e908c491b5991e33ef9b	662	fd374cb6fd5773ddb1450486cc804537b8fa8e08	2026-07-29T23:48:50Z
refs/heads/codex/narrow-foundational-lint-inputs	8ada0839650a8460627c95a1ebae33d821da4c6b	841	75dd6456d2d020f4306d1908509c004c913285fd	2026-08-06T05:42:20Z
refs/heads/codex/narrow-habitat-source-law-inputs	2ae0e9adb5f692b80ebb3a60871bf2b0fd5adf5b	599	9010833325e3bc056abdcb7e8ae1842843ab01b1	2026-07-27T17:31:31Z
refs/heads/codex/narrow-habitat-workspace-inputs	d18cf40d62a7716bf2986d4723cde11e2adf3c6b	835	2b96bb83a48dcd48eaaaaa2f2318519c4f7aa07a	2026-08-06T03:50:25Z
refs/heads/codex/native-provider-cleanup-handoff	06ccfac0d59b060801e1dc36356752f6a06f5bae	316	9a1d2ab063a736fb86f562fa1a51209b4b13f173	2026-05-07T00:37:24Z
refs/heads/codex/native-provider-cleanup-implementation	aa871d474e492b4af6c7964636a1a194d0d311ea	317	214946108da512bf2a86d07814f79957c45b08de	2026-05-07T00:39:23Z
refs/heads/codex/neutralize-content-quality-fixture	c33891cae5479b64c5cb1e36cb2bd45acc950833	646	8de1015d0794066fb95bf0f5e4296f9e3aa41acb	2026-07-29T04:18:30Z
refs/heads/codex/normalize-example-todo-record-model	a1eed6684becf294008ab3ece96e0a12f5c4844c	607	ce7540939680a5bacf82c1ecd41dedadcde01614	2026-07-27T21:11:27Z
refs/heads/codex/normalize-example-todo-request-context	f6c21c051894c008ad03ecebbc79556571cb172e	618	08b8a7cc6d1348b9be4fa0403763b820e5f8f298	2026-07-28T07:44:36Z
refs/heads/codex/normalize-example-todo-root-model	56e99e761203987b4780f07a536183798a0b133b	606	339979f59d2b8267ad1f67c24569c766d7332c58	2026-07-27T20:42:58Z
refs/heads/codex/normalize-governance-router-authorship	f751ba02e353f9598dc7b04ee9b8f2e33f56a70f	547	33d00a0d15e959dc4ffca31a8ebcad67931095bb	2026-07-26T04:53:13Z
refs/heads/codex/normalize-habitat-router-face	568cdebf1d4bd000f3de810295f119b62087822f	790	7acaa3753d2e6d7d9480e280483276a6d695ff23	2026-08-05T01:28:30Z
refs/heads/codex/normalize-hq-ops-module-middleware	fefa2177c8f1b1c81127f6994b4cc6deaa05b614	616	d1b7cdcbbe270b833c01ec1a7fba18b62de696cc	2026-07-28T06:15:42Z
refs/heads/codex/normalize-lifecycle-governance	245d32df1adfffd2275490af3f5080c640726005	527	d443bd3a88f66260caee5377365c8c735ac7a22d	2026-07-24T23:08:03Z
refs/heads/codex/normalize-lifecycle-import-law	ad98ba720476314f16476c451dd25fbe54531042	567	2db7bbdab91336372a9c4c3dcdf86ad47ce71217	2026-07-26T20:42:10Z
refs/heads/codex/normalize-lifecycle-middleware-provenance	436d54830832a68ba38e4ed4801deda63baaaa70	554	67f356b2d74fa74b497588d3a3f482cd5df7a716	2026-07-26T09:02:02Z
refs/heads/codex/normalize-lifecycle-nx-targets	71c4e10a9d71b6bc5ba280a933490cbe8d2196e7	633	69456ae3d81d77bdcf10a9f13c8d6fe876601d6e	2026-07-28T19:48:12Z
refs/heads/codex/normalize-lifecycle-ownership-schema	a20d26e0ffb97578b6b134a6b74c3da0e92f4520	530	2e9a2621072fd6313bf4cf9c6fca6b4824ffc2b4	2026-07-25T00:47:25Z
refs/heads/codex/normalize-lifecycle-release-schemas	f443012985f30815be7e5e2f21d21f99814e7b0b	529	a5e17250a2f6107e7a8c7fae1014391ff804cbb8	2026-07-25T00:14:22Z
refs/heads/codex/normalize-lifecycle-releases	f7e721fdefb7e9c4d2d9a6444a73fd87c3046304	528	8e7e43f0d186d6c830c5bf0f415b9300945d9d75	2026-07-24T23:38:38Z
refs/heads/codex/normalize-lifecycle-router-authorship	f030c0c1098bca4f824a6ea1ffb74e95dc32c64f	784	379f87bb91c420d96e9315a1c1c57ea9223d94c4	2026-08-03T12:55:29Z
refs/heads/codex/normalize-lifecycle-service-law	61c186122794e39a6f365d66bf7fd0466d274028	532	861598b78c4c285a55c15d2fa466a5dd66d6b4f0	2026-07-25T06:47:33Z
refs/heads/codex/normalize-lifecycle-service-topology	2247e98158950ab49df5620f78180b1231349448	526	8d17c4556167d7a0058edea81b9ca2a14fa57669	2026-07-24T22:40:01Z
refs/heads/codex/normalize-nx-ci-foundation	2000cd2d4204ca06b569d946cf58ac4c22b54076	522	d80c6476c4a8b47087ba40833374ac38b28b34a4	2026-07-24T05:54:46Z
refs/heads/codex/normalize-packaging-operation-authorship	147c300fc6669414edac2efcf201a677059a9f0d	546	a8c8235ac71295caadba49cd983acc550403e4a3	2026-07-26T04:09:54Z
refs/heads/codex/normalize-provider-router-face	1e4cd764143fffd94aaa35995f2219cb95c47985	545	235f5af12973909dead451a823c7675cf466af82	2026-07-26T03:26:13Z
refs/heads/codex/normalize-repository-quality-law	876a4e8b07a3eb3bd203c61a6e409101fe7cca28	525	32a711062e31e5db352ac9efc90091a43da283ab	2026-07-24T22:08:55Z
refs/heads/codex/normalize-vendor-router-authorship	656e26ba39041696efd2dd5ffb2252f259498b24	559	b0164086405c68509c98c07451e1bd418db79b6a	2026-07-26T14:02:08Z
refs/heads/codex/open-oclif-registry-gate	87cd4a9b0f7a77c40ad36f44e836071b052c2f05	654	f15b8ac81ebb8072396a9a6734659e4913cb3d7f	2026-07-29T18:19:22Z
refs/heads/codex/package-habitat-public-artifacts	883cdaef2e1f430d39d9fd2754295e9287391dce	729	7357fec9710917d84e0cff8ad6ad55dd739c23e9	2026-08-01T03:03:51Z
refs/heads/codex/package-habitat-service-artifact	77ca65376105a68ca77f897d4d050375f748d9f5	730	e56c89e182a9830b317dd6392dfbb307c0b7ac43	2026-08-01T03:08:46Z
refs/heads/codex/platform-spec-finalization	23e913229cf96d4249850d5bbd33052805661385	879	83cb50e9ffc6b3e7bcddeb41473762945e1e1551	2026-08-07T03:28:22Z
refs/heads/codex/plugin-sync-install-cache-repair	e045dd2fd5dfe418cb4c979e306c59a6a521d152	330	e354de5ae76cdd282a43c70e0ccbbc5afbee69f7	2026-06-28T19:29:13Z
refs/heads/codex/plugin-sync-provider-version-core	d97ef6c75503ed907e0a3b0e4ab0065379a7d6d3	327	cb9c8290cd6494a323683d69aa60a7e2833ce304	2026-06-23T22:55:37Z
refs/heads/codex/port-magic-service-authority	1f4dcc3dfbdd30e1e89aaeb6460fe5b4eedaa690	621	baf79b1484bc84407d7b17f97f9fcbc5b404e6ad	2026-07-28T11:22:11Z
refs/heads/codex/port-service-blueprint-authority	93a6ea8ff35222da2d8e91108d63fbb99e4d8c66	533	38b532e6c325b7a714bfc2afad921057996a3f39	2026-07-25T06:49:29Z
refs/heads/codex/port-service-boundary-laws	876806d3ba7439ed793f581f1d03c741eca34a38	603	396b3214ab22a4116a630e83696f0f3b316e09ae	2026-07-27T19:02:44Z
refs/heads/codex/preserve-habitat-batch-deadline	06a90e02a65a7f56ecd47c91eac60c2c7ca44b37	771	fc5e45c43dd277172c703215f314e7a6098953f0	2026-08-02T09:03:03Z
refs/heads/codex/preserve-habitat-release-prerequisites	d3fc26cbad45442abda66c76a4727c15dcf1301f	799	b7a3537dc5b19781a730cdd5672c36b9c9d3f809	2026-08-03T13:11:32Z
refs/heads/codex/preserve-habitat-workspace-protocols	9bfa227c8de197c0e7a99a7d6daca9d44f1aefd8	763	6ea15e2e22f798471a2910ebdcf873c3451efe3e	2026-08-02T07:17:37Z
refs/heads/codex/preserve-lifecycle-result-correlation	8eebf686525a14264515e1a6bed12b6c1a6d78b8	681	a8a244c9ba826c27aa750acbdd6c6d87a1ee9e83	2026-07-30T10:24:31Z
refs/heads/codex/preserve-service-context-lanes	0b15959a681fc6b9552e2d46bd0d64fcd3950e18	608	1c1ebbf195fccb45befac35498bcbfaf1b17246d	2026-07-27T21:25:38Z
refs/heads/codex/project-habitat-catalog-schemas	c1358b85d0c94f9f96c9db046f5d85b82ff3518e	795	374884e101d57d8300ab8abadae46d50646bd520	2026-08-05T01:43:30Z
refs/heads/codex/project-habitat-native-compatibility	762ac76222c073b4383bfccc9c457939e593aaf5	750	e8e8a464f85bc3183fe4da978236633f4daa27e6	2026-08-01T22:07:37Z
refs/heads/codex/project-lifecycle-core-schemas	f9c7132184b04fd629eaf9ac4fdb5d4bce0eed79	796	afcbb24b435c8e50383f00c9e734527a5dbdd467	2026-08-05T01:46:29Z
refs/heads/codex/promote-agent-plugin-payload	c95cf21c5314513bbe65d4d0d085f4cba6143c77	583	25d27859dfe54e59e83d10fac6aa768cc382ff4c	2026-07-27T05:49:43Z
refs/heads/codex/promote-agent-plugin-release-set	84121d76b9bcd074ddeb55fc0d89bfbe720284fe	591	7b8ffaa9d3b55fca2868ee4c73c1b76c344d26e7	2026-07-27T10:07:14Z
refs/heads/codex/promote-canonical-release-model	6c17f7520ed2987ce793c34323f3e53bf94bb2ba	581	cdc42435a41a765b41ee84bd1fde24650bf219e4	2026-07-27T04:34:59Z
refs/heads/codex/promote-canonical-text-ordering	804145052ea5b8255bb8cade00da3053f585018b	582	1d27e44649443e3ea586014d762cbd5f3f1bd622	2026-07-27T04:58:52Z
refs/heads/codex/promote-clean-content-workspace	7ba5ef5a3115f577494ffce49e9ec030a8362a5e	542	49b4e0d4cc3ea3227f3abda6c0abea38e57a5ade	2026-07-26T01:16:04Z
refs/heads/codex/promote-completeness-witness-policy	f98180abb3d8cdc3a721e04d8e23c61467d0e427	588	e3e2030e40db62b628f7875469e09049af7253f6	2026-07-27T08:12:59Z
refs/heads/codex/promote-distribution-ownership	73b62ed7099e208f0a7b46dc27843e5c19f9a6b8	584	333fec5f80ae770997f3048ab9655f902a069533	2026-07-27T06:17:43Z
refs/heads/codex/promote-provenance-binding-policy	bda831f546eafe0c15e38cd84ac1b779c4d989f1	587	8ae94579905f96d8d64aaf601f669f16ac3bc074	2026-07-27T07:48:22Z
refs/heads/codex/promote-release-constants	7717613e835233cbe9306519d67d8f76ab0bc16f	592	753922936e10cdbb93d21c46db4d4d3719c8308b	2026-07-27T10:26:57Z
refs/heads/codex/promote-release-derivation-model	071059135d25792072911d7a40e98230ed2186f2	541	4ad10676078592b50c114bae901b497a304cc5b7	2026-07-26T00:37:15Z
refs/heads/codex/promote-release-digests	757b5a66b7d56dcc3cbe7ebb74bf955a213adddc	594	95f2a23ff27089485296f1a6f86434aeec1cfa3b	2026-07-27T12:43:37Z
refs/heads/codex/promote-release-identity	c6b92af98748727b50906c0dc512df00f8ee0489	593	8d4075517d289ba985b543ecf1521b8f02415c89	2026-07-27T11:49:58Z
refs/heads/codex/promote-release-input-model	67616b38ad8fbcbf38760d16a789293a12115b24	586	a7e83a743c2d9a0d6258d820d1f8528e15c5715a	2026-07-27T07:19:08Z
refs/heads/codex/promote-release-input-policy	b7c5504e67e28a54f30a6d66b5456c4f23631468	589	0a73f28e21c6fd246919c60f4daf9bc6925fb3bb	2026-07-27T08:42:41Z
refs/heads/codex/promote-release-result-model	0d7c1efb109acf10db8c6181af4142382036f9a6	580	b89604f0b8b6845a7ab6520cd74d6cffa7a6725e	2026-07-27T04:07:34Z
refs/heads/codex/promote-release-value-admission	aa2777742d2cdebf91718788acb474a9108cf5c4	585	77fe82fe126354ba7fcefbcab53671000bc5e7f0	2026-07-27T06:52:31Z
refs/heads/codex/prove-habitat-cache-precision	6e15cae607195878b318451704b1a7f956f2d62e	836	d4139bd56746a02e819e16159d05133e994a674f	2026-08-06T03:53:30Z
refs/heads/codex/reconcile-habitat-shared-laws	43e66610a0b5f90b059f498b969ad3d50f1b7e74	821	77a8c476e61f7691b103336afe2a37d9086814fe	2026-08-05T23:18:29Z
refs/heads/codex/record-habitat-0-5-5-release	234e34b7e24fd8b7f68cc9ceb56ecbbbfd0b3a2a	895	dfecba06b52b44a489e5e20d330b8a21bf4eea3e	2026-08-07T13:07:44Z
refs/heads/codex/record-habitat-0-5-6-release	d5fc374c47ddfa68134d54300fcfa85e0bdee32b	902	07570ea90c62772aa79cfb5d5903aae62ba46435	2026-08-08T13:53:21Z
refs/heads/codex/record-habitat-blueprint-pack-admission	4159baa42274a56c6bfacc95832516bc601af726	742	16ca8dbc7fe414d2a74a26547fe04535ef0efc85	2026-08-01T07:32:58Z
refs/heads/codex/record-habitat-cli-0-2-4	ff6d8f605d820678710ee21757acf6dfd0994c9b	765	89e96e4b0f3610f26317256cf57c2f7c35f7e71d	2026-08-02T07:59:37Z
refs/heads/codex/record-habitat-compatibility-service	823d4c4266fdc02097897dd07a87cb3776e20891	749	fe5364b927b4a133027ec60a58d80755fbd7e8e1	2026-08-01T21:43:07Z
refs/heads/codex/record-habitat-consumer-cutover	a9ce517573adc726f40355cea2a9a127059a0e96	759	c466035bf9573fa79d7ad9d04bb9ef483485cf3f	2026-08-02T05:44:28Z
refs/heads/codex/record-habitat-initializer-landing	4b1e653bdc0f2c91efb7ab6bdceca7ceca2f03a7	738	6515ea0b364c3d1cb7324bfad7b369538d15ad5d	2026-08-01T05:08:07Z
refs/heads/codex/record-habitat-installed-artifacts	2c3477c0f882a32c1c204d62c8c819a1f26c0428	732	25b7649bbd52bc7d0efb3499be483674fe161bb1	2026-08-01T03:12:54Z
refs/heads/codex/record-habitat-policy-pack-frame	b85abec8b8a7a636c0ff064de3d08fbac1607e0f	741	5de49c16ac20d975fd34cdd26178fcee69f7bca6	2026-08-01T07:15:51Z
refs/heads/codex/record-habitat-substrate-0-2-1	8b911664e1aeadde3ed76ab82e653d6af8bbcc3f	753	132dfd833f595b7774000f84e3e08ba3f707f164	2026-08-02T03:45:51Z
refs/heads/codex/record-product-handoff-frame	616b86368a09c48ea59ebd4f2ac1f911689812d7	693	33eabdd741d8961dbb2be0b6d4c7284ac58aad52	2026-07-30T19:04:30Z
refs/heads/codex/record-production-lifecycle-handoff	97798841373d5054fe2c4d2a3cebac601e9a3ea0	679	abc8f16fba7c9c2b125d4e088101872582573fa3	2026-07-30T09:37:53Z
refs/heads/codex/record-proportional-nx-gate	1db59b5882922b7a736539fc0ee276fb28e4fb4a	734	da5ced73a9562951a5a84908b46e7b95ce94730a	2026-08-01T03:42:28Z
refs/heads/codex/record-rawr-preset-adoption	d5e346877c2c2530c5c729685cb1ada30fcca845	896	a22a78be97c3086d2c7b587f803b4d38df5e643f	2026-08-07T13:53:45Z
refs/heads/codex/refresh-service-blueprint-law	9dd2d062750a1a60a6d364827c6f55f620a57d6b	524	6e344c272b63e74eb4761dd0779cc4f1cdc410b8	2026-07-24T06:54:23Z
refs/heads/codex/release-explicit-runtime-closure	9d128eab1c4a987904178c04c3460f0babe55015	648	5f9de703f5ecfcf322bd1e31af6721a6ad8ebd81	2026-07-29T05:04:11Z
refs/heads/codex/release-habitat-0-2-2	b1f6624ee1ab4e6c8870fd9140ce56c0de78dc10	755	8bd324cef33f1231d497236546414875b7e2409b	2026-08-02T04:15:30Z
refs/heads/codex/release-habitat-0-2-3	956bab4a8cf048455556b873cce9dddf9da87bc8	757	bc9d4448c8db17164678675ad47a9d47fd4d66fb	2026-08-02T04:45:28Z
refs/heads/codex/release-habitat-0-4-1	520ea8c5762462b9dde4eeca068a96567a426a36	808	06c54e112df5c740e25e7f05cd4a8003c2239496	2026-08-04T22:14:29Z
refs/heads/codex/release-habitat-0-4-2	39cca0423874f8b860ca14cfdf9fd3ee7f2e184b	813	dd7f9bc5f4fd173ebffc312b1f33b6235ce53893	2026-08-05T06:49:11Z
refs/heads/codex/release-habitat-0-5-0	e993a53c55d332e81c554ab180f38c69b5bc120e	829	a08345737b96a875b883b1899293916712c005c6	2026-08-05T23:53:38Z
refs/heads/codex/release-habitat-0-5-1	1d139dd5397755085893a3fe76e697ea3b9746d4	832	75d816fbece0be47edc6a45b0c05957321d1fc25	2026-08-06T01:34:51Z
refs/heads/codex/release-habitat-0-5-2	0fe197389c766cb1e9e6536dee577207da845e24	837	92482052a7878d47085a14831bf3d6098f2b2d5d	2026-08-06T04:13:06Z
refs/heads/codex/release-habitat-cli-0-2-4	6101f9e472658ebae5834d2dfc6fc07090a42411	762	6b48478026fddf5b822728e74dbd30201f1e708b	2026-08-02T07:20:12Z
refs/heads/codex/release-habitat-cli-0-3-1	e4f619aa516831710fc03c4d60c146fe26fd169e	772	63d9895d9bf76fb3ab28b90214535ca6e8235c5d	2026-08-02T09:11:14Z
refs/heads/codex/release-habitat-installed-artifacts	e9cab17dddc678b4147baf9b31ed7bfd913b3be8	731	cfe4062839a09f0bafa075fbe57b4afd9331c9ae	2026-08-01T03:10:48Z
refs/heads/codex/release-habitat-substrate-0-2-1	57a787057f89e43edb1c374c92aa034f582ade1f	752	2064a431032ac0600e805ddafba6fd17a6b7deb4	2026-08-02T03:31:11Z
refs/heads/codex/release-ordinary-oclif-group	2aeea6e1452a30f4b2f196a758e1bf01cb3e8530	650	cdf0b42fbd1185559992530a28cb1be268f7b517	2026-07-29T14:11:31Z
refs/heads/codex/release-rawr-npm	e98da179e97b62136c02cd8c54be1794150749b7	775	e78e5765302363aa632e9a213863114d2b430ef5	2026-08-02T11:31:55Z
refs/heads/codex/remove-native-provider-promise-mirror	214d858248005132f3fabfd766721b3ad925ab86	561	3bd9672a8b982ee59541eeac75a6609e09ca857f	2026-07-26T15:46:30Z
refs/heads/codex/remove-package-output-promise-mirror	cb64b628fc9d682bd8fd08bc1e2350ce7310b420	560	5cfc1be6bdc70d7abd970cfd5e3ad3d6ea114735	2026-07-26T14:32:52Z
refs/heads/codex/remove-rejected-habitat-rawr-closures	e6828ab9cb498bdeb40f4775075ed06ef4747788	900	90efcd40d9445fa28cf31524d193714828cd2e00	2026-08-08T13:18:30Z
refs/heads/codex/remove-release-artifact-identity	35bea09791cd0358181cd652372a795d0ac1cdbf	590	d3e7428529c77511b874c4e501425bd9e4ceabd9	2026-07-27T09:26:07Z
refs/heads/codex/remove-release-set-byte-churn-test	691656c12f045f7dead4c6ea22bd5cb613f1c2bb	803	5e0be7d8931a2f585cd64219210cd8bffc09314e	2026-08-05T01:34:30Z
refs/heads/codex/remove-vendor-schema-facade	75b55ad6a246bd41d6a6d86cfb6b880ba815d8b8	555	72556429ef8f3b645346d7b1824e16ee028693b2	2026-07-26T09:30:29Z
refs/heads/codex/repair-lifecycle-process-guidance	d74926daa4b5b968ff3dfe4b3fbc5036d1e24036	666	da3e797f3742b0c2c9b820187e3a690c4bb95a99	2026-07-30T02:25:24Z
refs/heads/codex/repeatable-installed-acceptance	49ca6ada650e7a4c662c3d6b67f290bd263c4fe1	898	a1701fb01cdc64f9d531a513bf4bb1fae7c8c61d	2026-08-07T15:33:01Z
refs/heads/codex/require-module-context-curation	47c19fad0f6e09303b356d947175fe60641fe68f	613	f8b9d448009925cff34f5c0b5293e21f60536196	2026-07-28T00:58:56Z
refs/heads/codex/restore-module-router-authority	a8d11980e4e027b640e0352ece4503f227a7242c	659	615976716c0273fa9a67c27a28e1134f4fd8bf3c	2026-07-29T22:27:51Z
refs/heads/codex/retire-architecture-inventory-sync	c1c7184534e99a15b36107eea967e36600b44c3f	634	b275ffc6d2abbcf2f86d179f6a6e18f65e8aea54	2026-07-28T20:22:12Z
refs/heads/codex/retire-eslint-structural-authority	7d332ecfa19015c4d4857072f17c62b237897c5e	520	c0dbbcacc4a3dd1f993738a827c2eb9b0cf1c245	2026-07-24T04:59:28Z
refs/heads/codex/retire-legacy-agent-sync-fixture	5626d6cb3c0fd0d97a4d59952032ea8fba5dc4e4	645	beae4c9e4ae525d2aecd1215dd53f41875295d4d	2026-07-29T04:14:30Z
refs/heads/codex/retire-lifecycle-runtime-prerequisite	0b46eccbf81a999bc87b4ff5a2d6c2632eb3ccdb	694	2fea2a9eb0ac539cf9d070a2954a644852d1c341	2026-07-30T19:23:57Z
refs/heads/codex/retire-manual-policy-gates	09a0a0416a890fe4ce9fe3f0713e4bdee300d6e6	653	b0a975727c618d007ac4be7003e7a4379106dcbd	2026-07-29T17:53:59Z
refs/heads/codex/retire-manual-policy-residue	ddabd0bcb6c0d89fa4f5b4a68f1e6e9f0027bdbe	656	919efc00a073361bb6050a221143c4474dc50b49	2026-07-29T19:35:51Z
refs/heads/codex/retire-manual-structural-gates	4586714d92bc7689e1390e1f3b5bbe009ff8a337	651	f979e1746b48101483c080e6692d23ead65e3aa7	2026-07-29T15:24:17Z
refs/heads/codex/retire-predecessor-distribution	907b3233287398f17199ec7c1a0df959ee858aad	811	564207b5e3fedf460fe65c5ad9a73d46dde4899e	2026-08-05T03:35:04Z
refs/heads/codex/retire-runtime-lab-structural-scanner	bc366e6546b9d046332e8808bc6bafd02130eeda	668	2e10141c603716815d1591d09e26e97a961f000d	2026-07-30T03:46:56Z
refs/heads/codex/retire-structural-test-ratchets	f27e4bd4213f6edaf2038e3f06655addc29d3a4c	658	db778403feb4e99168efe5cc5c8d01ca201d4f30	2026-07-29T21:32:16Z
refs/heads/codex/retire-template-agent-content	428189d66d6f5f5239ec4c36fb0fc7aac9077aa3	644	67436e39d2f13dea5f58de8e5a41effca0786cba	2026-07-29T04:10:15Z
refs/heads/codex/run-pinned-native-grit	f86990bc4a88ca52a8ac67f03c82fa94c345a58b	802	34ed3863631a63119842c8dd0992ff8aa1727a69	2026-08-03T13:08:28Z
refs/heads/codex/scope-habitat-service-subjects	069d12b1f3e4bedc679b06f730803e25c3267b8a	773	3a63f070ff6440133b020754ef3557d5626f94a8	2026-08-02T09:27:19Z
refs/heads/codex/seal-chatgpt-corpus-service	ca432da730efefdc4c46f6711e9be7dabb002027	786	3931de6bd04fd5778bba403cc74aa212b99b6cf1	2026-08-03T13:01:29Z
refs/heads/codex/seal-dev-service-topology	99887096271b2c00bfedbd48be8a21ab47c49552	787	df152f0f7e156da4a72b2f69a73de9ea326df55f	2026-08-03T13:03:30Z
refs/heads/codex/seal-example-todo-module-shells	e7d3407d1e45ec618fa278496d5e6436a63b0178	619	b86f13eb5e07c764525dbf286801002d446cc610	2026-07-28T09:10:07Z
refs/heads/codex/seal-example-todo-public-face	92fe2d47c48a5f88f55fccd9848a4a308857ecf7	605	07ff505ff781ee2f27af700e25beb1032cb53d37	2026-07-27T20:14:51Z
refs/heads/codex/seal-hq-ops-service-topology	392e9c9f4d098d2f438b56f30e6a202b3743148f	788	35781af17cd8e7c9c51726f499c9d278945863f7	2026-08-03T13:06:49Z
refs/heads/codex/seal-hyperresearch-service-topology	7c7d97e515678aaf5ec60ffedee2b07f999d0b76	789	98997526279e374f44b0f51e91787e70e412c7e1	2026-08-05T01:26:09Z
refs/heads/codex/seal-lifecycle-service-root	28495303f0f860200fab0c9e28766056ae3bc64e	643	16954857e7ff68542e3c8db58832be009134e401	2026-07-29T03:29:28Z
refs/heads/codex/seal-session-service-topology	d1ea07980e0ffc7facd5cecd1e3f0bdd5d030f1d	785	1376398b1d22e0a8e23f09d080c767780705a07c	2026-08-03T12:58:28Z
refs/heads/codex/seed-habitat-blueprint-frames	d9fd89c1febfa3f6ca312ee1ee0c021cac7037f0	538	aed00eb3927dd6951b64917a93ea5afcf76f452a	2026-07-25T07:05:29Z
refs/heads/codex/service-common-alias-migration	a66c21dd71a93ff9f124f3f61762233426bd7ac3	318	d25635397cc8a6bb14f789d5aa3da06adc153fa0	2026-05-07T00:41:23Z
refs/heads/codex/settle-habitat-052-authority	f69979d23227ed7798e110c6bc1ccf7fd63363b7	843	ee03d1c7e065c779fb63f9c57a1c0d2e121c1630	2026-08-06T06:00:42Z
refs/heads/codex/shared-habitat-substrate	2a4b523dd240d4273a33736d8317a17610f7d18a	709	944476991056fd58abb929780c4e2d3c990b93c8	2026-07-31T04:22:31Z
refs/heads/codex/simplify-agent-release-input	ec386c131a1d162e92c6916ce7e7500f327d7fa3	657	ebaa65795cd8c3d46ea3c9a4643b93f97a955744	2026-07-29T20:43:14Z
refs/heads/codex/simplify-habitat-publish	2ae28dfe463f80622e7d1ccaf673fee336905b4a	780	ab6177913aa4ed712e2c8fdc1b6b2206e3264786	2026-08-03T01:51:33Z
refs/heads/codex/simplify-habitat-release	6f1718d4e0067726b4568f46d7366ec9e0deab72	777	1d0734dc0dceaf11dc486e35965b118a4e30cd84	2026-08-02T18:48:47Z
refs/heads/codex/simplify-service-proof-isolation	889523994f12df1c6161bc693c28c25f89d4849c	692	7e545757ada163fa6ac94b8a2e0f8c5b9adec958	2026-07-30T18:57:41Z
refs/heads/codex/skip-release-lock-refresh	ecbbc86badcaca7ca1d91abbadd3c578f0b79023	761	e151cbbcde97f3c4807d0cdc8f25c731c5b68bb7	2026-08-02T06:23:42Z
refs/heads/codex/spec-system-normative-redesign	cfdda7439acfe0dbd27c83884bd4519a213781db	880	62e02e66ae925e9e48a4b6334eba7871dfede9a2	2026-08-07T03:31:32Z
refs/heads/codex/tighten-repository-ratchet-runtime	1a09c138ad66bc9bed272f6d58bb48e4743a7556	840	a7bc6fbbd58b9e34f8461f4125fb2c32b1e8594b	2026-08-06T05:37:04Z
refs/heads/codex/type-content-workspace-staged-index	3c85b79714fb492bc9de695bcf0b62695d436141	563	4c5832330e0e1d7fe53dea23bf320e134d136ea8	2026-07-26T17:45:44Z
refs/heads/codex/type-content-workspace-status-observation	f5bba05b86667e11fcc53592c48dde1d3b34d54d	564	92c00870090ddfd22f0db9b484752036e509de07	2026-07-26T18:06:17Z
refs/heads/codex/type-content-workspace-tracked-flags	ab793d3aead6a455aef12bde02885f51860467ea	565	47663ca2b9f7871a6a01d145e2ecebe98b16d339	2026-07-26T18:58:51Z
refs/heads/codex/type-content-workspace-tree-entries	f5423f6a1c5cbd178855525cc15f962c5ce65372	562	33971c2726037146d0d4d1a2354126c2c2c643c2	2026-07-26T16:45:53Z
refs/heads/codex/untangle-hq-server-cycle	585f468ce329313c2361c249b3ba2f8a4c1b88b6	649	9e1d56be3d7b485bb0443fb969136481be78572c	2026-07-29T14:07:59Z
refs/heads/codex/use-ordinary-native-provider-commands	7492e11a03a7560977006e86f9598d8c27d7eeef	596	11e799503003c5b4e484ba944aa14e910a96e8a5	2026-07-27T14:15:42Z
refs/heads/codex/use-published-grit-entrypoint	4059b37a218190a47f566a300ad09fa782c8dcb0	804	1ebbfabb27d215f42d112b05612f73e14632ce1a	2026-08-03T14:01:44Z
refs/heads/codex/verify-registry-installed-habitat	d068c0462969a2041bd3ca446b760e3f49bc70e4	828	96f69c91fdd306021a94789577df476422e9754d	2026-08-05T23:36:29Z
refs/heads/codex/workflow-harden-e2e-output-capture	1ae04913dfa26611da417dc980a28b1d508831e2	328	740b8745f0c3c1dafe98f7a4d9144cd782bd9bbe	2026-06-23T23:00:36Z
refs/heads/dev-agent-config-sync-entity-docs	3fa0234244e72dc9b6ffd8aee2ae14729c6bf998	315	e452ea846a90b4e9c53cb75e830a109edeb0b0bc	2026-05-07T00:36:05Z
refs/heads/docs/workstream-runner-skill-improvement-plan	129c7e88ab95dc429c1ca21608f571227ce77b94	309	021d37b442027f4d1b9209b491d416aad2115970	2026-05-04T23:58:17Z
refs/heads/workstream-runner-skill-improvements	021d37b442027f4d1b9209b491d416aad2115970	310	021d37b442027f4d1b9209b491d416aad2115970	2026-05-04T23:58:28Z
